local_project,local_capacity_mw,local_license_type,local_river,match_status,match_confidence,match_basis,doed_primary_category,doed_status_display,doed_categories,doed_record_status,doed_license_status,doed_study_status,doed_delivery_status,doed_capacity_mw,doed_capacity_difference_mw,doed_project_names,doed_record_numbers,doed_source_urls,doed_source_updated_on,doed_record_ids
Aayu Chhatigad Hydropower Project,13.942,Survey,Chatti Gad,exact,high,conservative normalized name with spatial/capacity compatibility,cancelled_survey_license,Survey licence cancelled,cancelled_survey_license,cancelled,survey_license_cancelled,,,13.942,0.0,Aayu Chhatigad HEP (SLC),,https://doed.gov.np/pages/slc,2026-07-02,e2d1dc88478bd056b73a
Aayu Malun Khola Hydro-Electric Project,21.0,Survey,Malun,exact,high,conservative normalized name with spatial/capacity compatibility,generation_license,Generation licence,generation_license,active,generation_license,,,21.0,0.0,Aayu Malun Khola HEP,383,https://doed.gov.np/pages/clhydromorethan1,2026-07-02,18fd4c459523a5765dd3
Adhikhola Storage HEP,180.0,Survey,Adhikhola,exact,high,conservative normalized name with spatial/capacity compatibility,generation_application,Generation-licence application,generation_application,active,generation_application,,,180.0,0.0,Adhikhola Storage HEP,9000.0,https://doed.gov.np/pages/appclhydro,2026-07-02,8b462dcf890aaa5ed115
Akhu Khola-2 HPP,20.0,Survey,Akhu Khola,exact,high,conservative normalized name with spatial/capacity compatibility,generation_license,Generation licence,generation_license,active,generation_license,,,20.0,0.0,Akhu Khola-2 HEP,398,https://doed.gov.np/pages/clhydromorethan1,2026-07-02,e740d3b4aec5f8063d13
Andhi Khola,9.4,Operation,Andhi Khola,exact,high,conservative normalized name with spatial/capacity compatibility,operating_record,Operating record,operating_record,active,operating_record,,operating,9.4,0.0,Andhi Khola,2_gtd,https://doed.gov.np/pages/powerplantsmorethan1,2026-07-02,3412db4106946d31b855
Ankhu Khola,42.9,Generation,Ankhu Khola,exact,high,conservative normalized name with spatial/capacity compatibility,generation_license,Generation licence,cancelled_survey_application | generation_license,mixed,generation_license,,,42.9,0.0,Ankhu Khola | Ankhu Khola HPP,1016 | 184 | 2701,https://doed.gov.np/pages/canceled_hydro/ | https://doed.gov.np/pages/clhydromorethan1,2026-07-02,099bb0723c138704066c | 5096f3c26b47f2e2418e | 582d8ed34e9a806500dd | 5c916d951a127346bbdb | 700cc7a650930fda048e | da0feb7d1d4a1942a701
Ankhu Khola - 1,7.0,Operation,Ankhu Khola,exact,high,conservative normalized name with spatial/capacity compatibility,operating_record,Operating record,operating_record,active,operating_record,,operating,7.0,0.0,Ankhu Khola - 1,32,https://doed.gov.np/pages/powerplantsmorethan1,2026-07-02,3bc95419f04db39d23ba
Apsuwa I HEP,23.0,Survey,Apsuwa,exact,high,conservative normalized name with spatial/capacity compatibility,generation_application,Generation-licence application,generation_application,active,generation_application,,,23.0,0.0,Apsuwa I HEP,3348.0,https://doed.gov.np/pages/appclhydro,2026-07-02,d0ee9124d2f46a226daf
Arun 3,900.0,Survey,Arun,exact,high,conservative normalized name with spatial/capacity compatibility,generation_license,Generation licence,generation_license,active,generation_license,,,900.0,0.0,Arun 3,001/74-75,https://doed.gov.np/pages/clhydromorethan1,2026-07-02,90bc0998463b4754e103
Arun Khola 2 HEP,2.16,Survey,Arun Khola,exact,high,conservative normalized name with spatial/capacity compatibility,generation_license,Generation licence,generation_license,active,generation_license,,,2.0,0.16,Arun Khola 2 HEP,357,https://doed.gov.np/pages/clhydromorethan1,2026-07-02,2435ca5ae2052e3788b6
Arung Khola,2.0,Survey,Arung,exact,high,conservative normalized name with spatial/capacity compatibility,cancelled_survey_license,Survey licence cancelled,cancelled_survey_license,cancelled,survey_license_cancelled,,,2.3,0.3,Arung Khola HEP (SLC),,https://doed.gov.np/pages/slc,2026-07-02,e51c974f071af8312144
Badigad HPP,6.6,Generation,Badigad,exact,high,conservative normalized name with spatial/capacity compatibility,gon_under_study,Government project under study,cancelled_generation_license | gon_under_study,mixed,,under_study,,7.0,0.4,Badigad | Badigad HPP (GLC),,https://doed.gov.np/pages/glc | https://doed.gov.np/pages/gonunderstudy,2026-07-02,65a2d890e0f1ccb11824 | b694b6696d4e868bcf2c
Badigad Khola HPP,24.6,Survey,Badigad,exact,high,conservative normalized name with spatial/capacity compatibility,generation_license,Generation licence,generation_license,active,generation_license,,,24.6,0.0,Badigad Khola HEP,404,https://doed.gov.np/pages/clhydromorethan1,2026-07-02,04df99c778726b508a93
Bagar Khola Hydro-Electric Project,5.5,Survey,Bagar Khola,exact,high,conservative normalized name with spatial/capacity compatibility,generation_license,Generation licence,cancelled_survey_application | generation_license,mixed,generation_license,,,5.5,0.0,Bagar Khola | Bagar Khola HEP | Bagar Khola HPP,337 | 5088,https://doed.gov.np/pages/canceled_hydro/ | https://doed.gov.np/pages/clhydromorethan1,2026-07-02,2baa1a23091fd28c795c | 5f9600ccbdd3ef1f9ca9 | b6d5f8d653a907c88dae
Bagmati Nadi,22.0,Generation,Bagmati,exact,high,conservative normalized name with spatial/capacity compatibility,operating_record,Operating record,operating_record,active,operating_record,,operating,32.0,10.0,Bagmati Nadi,125,https://doed.gov.np/pages/powerplantsmorethan1,2026-07-02,8d6a6ccbb02adbe1e9a4
Balephi,23.52,Generation,Balephi,exact,high,conservative normalized name with spatial/capacity compatibility,cancelled_generation_license,Generation licence cancelled,cancelled_generation_license | cancelled_survey_application,cancelled,generation_license_cancelled,,,23.52,0.0,Balephi | Balephi (GLC),1511,https://doed.gov.np/pages/canceled_hydro/ | https://doed.gov.np/pages/glc,2026-07-02,69fb8e15526ea4c83d8d | e2676c8861b7e111f761 | e4f5a4b814517914fbd8
Balephi A,10.6,Generation,Balephi,exact,high,conservative normalized name with spatial/capacity compatibility,generation_license,Generation licence,cancelled_survey_application | generation_license,mixed,generation_license,,,22.14,11.54,Balephi - A | Balephi A | Balephi-A,132 | 616,https://doed.gov.np/pages/canceled_hydro/ | https://doed.gov.np/pages/clhydromorethan1,2026-07-02,19e5b779efafd9b94348 | 27850a8ad9734fb7c0b8 | b21ef7fdddcbd57503db
Balephi Cascade HPP,17.22,Survey,Balephi,exact,high,conservative normalized name with spatial/capacity compatibility,cancelled_survey_license,Survey licence cancelled,cancelled_survey_license,cancelled,survey_license_cancelled,,,10.33,6.89,Balephi cascade HEP (SLC),,https://doed.gov.np/pages/slc,2026-07-02,b0bf3f62d616ce6ac409
Balephi Khola HEP,42.14,Survey,Balephi,exact,high,conservative normalized name with spatial/capacity compatibility,generation_license,Generation licence,cancelled_survey_application | generation_license,mixed,generation_license,,,40.0,2.14,Balephi Khola | Balephi Khola HEP | Balephi Khola HPP | Balephi Khola Hydropower Project,2038 | 4465 | 453 | 6214,https://doed.gov.np/pages/canceled_hydro/ | https://doed.gov.np/pages/clhydromorethan1,2026-07-02,64c2c52302b2030f2382 | 929de7d9de726afc0ed3 | c9a27cf4ffcac75f39ab | faa05f65d71051800d7f
Baramchi Khola HPP,4.2,Operation,Baramchi,exact,high,conservative normalized name with spatial/capacity compatibility,operating_record,Operating record,operating_record,active,operating_record,,operating,4.2,0.0,Baramchi Khola HPP,33,https://doed.gov.np/pages/powerplantsmorethan1,2026-07-02,7d7222d7b5e52a5a3ae5
Begnas- Rupa Storage Project,150.0,Survey,Begnas - Rupa,exact,high,conservative normalized name with spatial/capacity compatibility,generation_application,Generation-licence application,generation_application,active,generation_application,,,150.0,0.0,Begnas- Rupa Storage HEP,2555.0,https://doed.gov.np/pages/appclhydro,2026-07-02,401a1d782b197b5b0a17
Betan Karnali HP,688.0,Survey,Karnali,exact,high,conservative normalized name with spatial/capacity compatibility,generation_license,Generation licence,generation_license,active,generation_license,,,439.0,249.0,Betan Karnali HEP,485,https://doed.gov.np/pages/clhydromorethan1,2026-07-02,70ddca62b0637e2d240d
Bhabil 1 Hydropower Project,13.86,Survey,Bhabil Khola,unmatched,,,,,,,,,,,,,,,,
Bhairab Kund Khola,3.0,Operation,Bhairab Kund,exact,high,conservative normalized name with spatial/capacity compatibility,operating_record,Operating record,operating_record,active,operating_record,,operating,3.0,0.0,Bhairab Kund Khola,30,https://doed.gov.np/pages/powerplantsmorethan1,2026-07-02,d3f84fd216ce59c3ea13
Bhalaudi Khola HEP,4.5,Survey,Bhalaudi,exact,high,conservative normalized name with spatial/capacity compatibility,generation_license,Generation licence,cancelled_survey_application | generation_license,mixed,generation_license,,,2.645,1.855,Bhalaudi Khola | Bhalaudi Khola HEP | Bhalaudi Khola HPP,1601 | 351 | 3788 | 4026,https://doed.gov.np/pages/canceled_hydro/ | https://doed.gov.np/pages/clhydromorethan1,2026-07-02,595d6504c1d6247c861f | 5b33b6db4cb9a0049ba0 | bc771774917251380206 | bce2f0370a7eb7098ebc
Bheri 4,300.0,Survey,Bheri,exact,high,conservative normalized name with spatial/capacity compatibility,cancelled_survey_license,Survey licence cancelled,cancelled_survey_application | cancelled_survey_license,cancelled,survey_license_cancelled,,,300.0,0.0,Bheri 4 HEP (SLC) | Bheri-4 HPP,504,https://doed.gov.np/pages/canceled_hydro/ | https://doed.gov.np/pages/slc,2026-07-02,2dbf42b4bfc09dab6053 | 3d5ed63540215d2ab46a
Bheri Nadi-8 (BR-8) HEP,125.0,Survey,Bheri,unmatched,,,,,,,,,,,,,,,,
Bheri-1 HEP,440.0,Survey,Bheri,exact,high,conservative normalized name with spatial/capacity compatibility,generation_application,Generation-licence application,generation_application,active,generation_application,,,270.0,170.0,Bheri-1 HEP,8997.0,https://doed.gov.np/pages/appclhydro,2026-07-02,48fa6ed358b9b94d8b6c
Bheri-2 HEP,256.0,Survey,Bheri,exact,high,conservative normalized name with spatial/capacity compatibility,gon_under_study,Government project under study,gon_under_study,active,,under_study,,256.0,0.0,Bheri-2 HEP,,https://doed.gov.np/pages/gonunderstudy,2026-07-02,de0570296a6bf5d545a9
Bhim Khola Small HPP,4.96,Survey,Bhim Khola,exact,high,conservative normalized name with spatial/capacity compatibility,operating_record,Operating record,operating_record,active,operating_record,,operating,4.96,0.0,Bhim Khola Small HEP,284,https://doed.gov.np/pages/powerplantsmorethan1,2026-07-02,058f1a66651c1b98953a
Bhotekoshi 1 Hydropower Project,44.0,Survey,Bhotekoshi,exact,high,conservative normalized name with spatial/capacity compatibility,generation_license,Generation licence,generation_license,active,generation_license,,,44.0,0.0,Bhotekoshi 1 HEP,388,https://doed.gov.np/pages/clhydromorethan1,2026-07-02,4b486e0d9418be1eb9d9
Bhotekoshi Khola Hydropower Project,33.5,Survey,Bhote Koshi,exact,high,conservative normalized name with spatial/capacity compatibility,cancelled_survey_license,Survey licence cancelled,cancelled_survey_license,cancelled,survey_license_cancelled,,,33.5,0.0,Bhotekoshi Khola HEP (SLC),,https://doed.gov.np/pages/slc,2026-07-02,4b7fa01aaee04c4a00f9
Bhurundi Khola Small HPP,4.73,Survey,Bhurundi Khola,exact,high,conservative normalized name with spatial/capacity compatibility,cancelled_survey_license,Survey licence cancelled,cancelled_survey_license,cancelled,survey_license_cancelled,,,4.73,0.0,Bhurundi Khola Small HEP (SLC),,https://doed.gov.np/pages/slc,2026-07-02,35e17350afb2c1c428f4
Bijayapur-1,4.5,Operation,Bijayapur,exact,high,conservative normalized name with spatial/capacity compatibility,operating_record,Operating record,operating_record,active,operating_record,,operating,4.5,0.0,Bijayapur-1,34,https://doed.gov.np/pages/powerplantsmorethan1,2026-07-02,4c4006018a4982489d61
Bijaypur Khola-2 HPP,4.5,Generation,Bijaypur,exact,high,conservative normalized name with spatial/capacity compatibility,operating_record,Operating record,operating_record,active,operating_record,,operating,4.5,0.0,Bijaypur Khola-2 HPP,166,https://doed.gov.np/pages/powerplantsmorethan1,2026-07-02,79a920626d28ac51006a
Botekoshi 5 HYDROPOWER PROJECT,62.0,Survey,Bhotekoshi,alias,high,same numbered scheme and sub-kilometre licence-envelope midpoint,generation_license,Generation licence,generation_license,active,generation_license,,,46.0,16.0,Bhotekoshi 5 HEP,303,https://doed.gov.np/pages/clhydromorethan1,2026-07-02,ee4591a7f84e68e3a013
Brahmayani HPP,40.0,Survey,Balefi Khola,exact,high,conservative normalized name with spatial/capacity compatibility,generation_license,Generation licence,generation_license,active,generation_license,,,36.52,3.48,Brahmayani HEP,439,https://doed.gov.np/pages/clhydromorethan1,2026-07-02,da8ef8f6403c6db7753a
Budhi Gandaki Hydropower Project,341.0,Survey,Budhi Gandaki,exact,high,conservative normalized name with spatial/capacity compatibility,generation_license,Generation licence,generation_license,active,generation_license,,,341.0,0.0,Budhi Gandaki HEP,420,https://doed.gov.np/pages/clhydromorethan1,2026-07-02,fa307fe92621fefc659e
Budhi Gandaki Kha HEP,260.0,Survey,Budhigandaki,exact,high,conservative normalized name with spatial/capacity compatibility,generation_license,Generation licence,generation_license,active,generation_license,,,260.0,0.0,Budhi Gandaki Kha,425,https://doed.gov.np/pages/clhydromorethan1,2026-07-02,8f00c1418e3986bb3513
Budhi Gandaki Nadi HPP,91.15,Survey,Budhi Gandaki,exact,high,conservative normalized name with spatial/capacity compatibility,generation_license,Generation licence,generation_license,active,generation_license,,,91.15,0.0,Budhi Gandaki Nadi HEP,510,https://doed.gov.np/pages/clhydromorethan1,2026-07-02,80a6ee356f39b8845f23
Budhi Gandaki Prok Khola HEP,420.0,Survey,Budhi Gandaki,exact,high,conservative normalized name with spatial/capacity compatibility,generation_license,Generation licence,generation_license,active,generation_license,,,81.0,339.0,Budhi Gandaki Prok Khola HEP,465,https://doed.gov.np/pages/clhydromorethan1,2026-07-02,48d7fa3aa98759f74f5e
Budum,11.8,Survey,budum,exact,high,conservative normalized name with spatial/capacity compatibility,generation_license,Generation licence,generation_license,active,generation_license,,,14.5,2.7,Budum HEP,395,https://doed.gov.np/pages/clhydromorethan1,2026-07-02,f24453047cebb8265c57
Buku Khola,6.0,Generation,Buku,exact,high,conservative normalized name with spatial/capacity compatibility,operating_record,Operating record,cancelled_survey_application | operating_record,mixed,operating_record,,operating,6.0,0.0,Buku Khola | Buku Khola HPP | Buku Khola Hydropower Project,216 | 4449 | 7025 | 765 | 775,https://doed.gov.np/pages/canceled_hydro/ | https://doed.gov.np/pages/powerplantsmorethan1,2026-07-02,1d2c5178e918b08a1ad2 | 35bacdd0574e07a7fade | a135b12b05bfc1cce9aa | c9f61de8a5d5cc29540a | e417bd887bc31018f098
Buku-Kapati Hydropower Project,5.0,Generation,Buku,exact,high,conservative normalized name with spatial/capacity compatibility,operating_record,Operating record,operating_record,active,operating_record,,operating,5.0,0.0,Buku-Kapati Hydropower Project,203,https://doed.gov.np/pages/powerplantsmorethan1,2026-07-02,c10ff7d3dfd590af1615
Chainpur Seti,210.0,Survey,Seti Khola,exact,high,conservative normalized name with spatial/capacity compatibility,generation_license,Generation licence,cancelled_survey_application | generation_license,mixed,generation_license,,,210.0,0.0,Chainpur Seti HEP | Chainpur Seti HPP,455 | 7072,https://doed.gov.np/pages/canceled_hydro/ | https://doed.gov.np/pages/clhydromorethan1,2026-07-02,1eb873000b29d8d254f3 | 2a732791b57bcc36ac05
Chake Khola,2.83,Operation,Chake Khola,exact,high,conservative normalized name with spatial/capacity compatibility,operating_record,Operating record,operating_record,active,operating_record,,operating,2.83,0.0,Chake Khola,114,https://doed.gov.np/pages/powerplantsmorethan1,2026-07-02,67c22e4ee14df50fc611
Chaku Khola,3.0,Operation,Chaku,exact,high,conservative normalized name with spatial/capacity compatibility,operating_record,Operating record,operating_record,active,operating_record,,operating,3.0,0.0,Chaku Khola,17,https://doed.gov.np/pages/powerplantsmorethan1,2026-07-02,79218d99f82506b0646c
Chameliya Khola,30.0,Operation,Chameliya Khola,exact,high,conservative normalized name with spatial/capacity compatibility,operating_record,Operating record,cancelled_survey_application | operating_record | survey_application,mixed,operating_record,,operating,30.0,0.0,Chameliya Khola | Chameliya Khola Hydroelectric Project | Chameliya Khola Hydropower Project,20 | 6437 | 7115,https://doed.gov.np/pages/appslhydromorethan1 | https://doed.gov.np/pages/canceled_hydro/ | https://doed.gov.np/pages/powerplantsmorethan1,2026-07-02,40373e18abf637b00272 | ac4b5ad20ebc613d439d | db00f3d3a976203be7b2
Charnawati Khola Hydroelectric Project,3.52,Operation,Charnawati,exact,high,conservative normalized name with spatial/capacity compatibility,operating_record,Operating record,cancelled_survey_application | operating_record,mixed,operating_record,,operating,3.52,0.0,Charnawati Khola HPP | Charnawati Khola Hydroelectric Project,40 | 4377,https://doed.gov.np/pages/canceled_hydro/ | https://doed.gov.np/pages/powerplantsmorethan1,2026-07-02,9acdb719fe5e5634ed2a | e9083fbf22cce9a02929
Chauri Khola,5.0,Generation,Chauri,exact,high,conservative normalized name with spatial/capacity compatibility,generation_license,Generation licence,cancelled_survey_application | generation_license,mixed,generation_license,,,5.0,0.0,Chauri Khola | Chauri Khola HPP | Chauri Khola SHP,156 | 5085 | 7235,https://doed.gov.np/pages/canceled_hydro/ | https://doed.gov.np/pages/clhydromorethan1,2026-07-02,0c8bd6aeb73c76373d35 | 13b7352bd713de787bf2 | 26a50d52869b8009df79
Chepe Khola HPP,7.0,Survey,Chepe Khola,exact,high,conservative normalized name with spatial/capacity compatibility,operating_record,Operating record,cancelled_survey_application | cancelled_survey_license | operating_record,mixed,operating_record,,operating,7.0,0.0,Chepe Khola | Chepe Khola (SLC) | Chepe Khola HEP | Chepe Khola HPP | Chepe Khola Hydropower Project | Chepe Khola SHP,1608 | 297 | 4509 | 4721 | 4847 | 7662,https://doed.gov.np/pages/canceled_hydro/ | https://doed.gov.np/pages/powerplantsmorethan1 | https://doed.gov.np/pages/slc,2026-07-02,1b91da1444d21aee8698 | 1f50082d92300433de20 | 2538f879cb85011f0c9a | 3bd47b7193074c69c89f | 4a918245ef7b83a11059 | a84b86200afb24245b52 | ad2f2ed443820a02fda2 | b06f8837bf857c781e54
Chepe Khola Small Hydropower Project,8.63,Survey,Chepe Khola,exact,high,conservative normalized name with spatial/capacity compatibility,operating_record,Operating record,operating_record,active,operating_record,,operating,8.63,0.0,Chepe Khola Small HEP,279,https://doed.gov.np/pages/powerplantsmorethan1,2026-07-02,79cc68d995eb2589e7ce
Chhandi Khola,2.0,Operation,Chhandi,exact,high,conservative normalized name with spatial/capacity compatibility,operating_record,Operating record,operating_record,active,operating_record,,operating,2.0,0.0,Chhandi Khola,103,https://doed.gov.np/pages/powerplantsmorethan1,2026-07-02,15a1145e4844b99bbd0d
Chhomron Khola Small Hydro Power Project,3.914,Survey,Chhomron Khola,exact,high,conservative normalized name with spatial/capacity compatibility,generation_license,Generation licence,generation_license,active,generation_license,,,4.894,0.98,Chhomron Khola Small HEP,499,https://doed.gov.np/pages/clhydromorethan1,2026-07-02,b5fd8e4ec302c86f76fd
Chhote khola,0.993,Operation,Chhote,exact,high,conservative normalized name with spatial/capacity compatibility,operating_record,Operating record,operating_record,active,operating_record,,operating,0.993,0.0,Chhote khola,,https://doed.gov.np/pages/powerplantslessthan1,2026-07-02,7fac7f1c18fc55562f78
Chilime,22.0,Operation,Chilime,exact,high,conservative normalized name with spatial/capacity compatibility,operating_record,Operating record,operating_record,active,operating_record,,operating,22.0,0.0,Chilime,6,https://doed.gov.np/pages/powerplantsmorethan1,2026-07-02,32351ec99540f319e3c8
Chino Khola HEP,8.5,Survey,Chino,exact,high,conservative normalized name with spatial/capacity compatibility,generation_license,Generation licence,cancelled_survey_application | generation_license,mixed,generation_license,,,7.9,0.6,Chino Khola HEP | Chino Khola SHP,375 | 4420,https://doed.gov.np/pages/canceled_hydro/ | https://doed.gov.np/pages/clhydromorethan1,2026-07-02,a9a3a7dbeb730190923c | f4cf29f07c135a3f29c5
Chisang Khola -A Small Hydropower Project,1.8,Survey,Chisang,exact,high,conservative normalized name with spatial/capacity compatibility,cancelled_generation_license,Generation licence cancelled,cancelled_generation_license,cancelled,generation_license_cancelled,,,1.8,0.0,Chisang Khola -A Small HEP (GLC),,https://doed.gov.np/pages/glc,2026-07-02,1e4a5be84f9595b03592
Chujung Khola HEP,48.0,Survey,Chujung,exact,high,conservative normalized name with spatial/capacity compatibility,generation_license,Generation licence,generation_license,active,generation_license,,,63.0,15.0,Chujung Khola HEP,394,https://doed.gov.np/pages/clhydromorethan1,2026-07-02,17cb79214d6945510327
ChulepuKhola Hydropower Project,8.52,Generation,"Chulepu,Dhunde Khola",exact,high,conservative normalized name with spatial/capacity compatibility,generation_license,Generation licence,generation_license,active,generation_license,,,8.52,0.0,ChulepuKhola Hydropower Project,155,https://doed.gov.np/pages/clhydromorethan1,2026-07-02,8dd62a7d45da143a59c1
Chunchet Syar Khola HEP,60.0,Survey,Syar Khola,exact,high,conservative normalized name with spatial/capacity compatibility,generation_license,Generation licence,generation_license,active,generation_license,,,45.0,15.0,Chunchet Syar Khola HEP,497,https://doed.gov.np/pages/clhydromorethan1,2026-07-02,dc4dbff01af1994f513b
Chyandi Khola,5.1,Survey,Chyandi Khola,exact,high,conservative normalized name with spatial/capacity compatibility,generation_license,Generation licence,cancelled_survey_application | generation_license,mixed,generation_license,,,4.2,0.9,Chyandi Khola HEP | Chyandi Khola HPP,2516 | 505,https://doed.gov.np/pages/canceled_hydro/ | https://doed.gov.np/pages/clhydromorethan1,2026-07-02,2fa475fc4f03280f092b | 330791e5e20403e3e43d
Dadagau Khalanga Bheri Hydropower Project,128.0,Survey,Bheri,exact,high,conservative normalized name with spatial/capacity compatibility,gon_under_study,Government project under study,gon_under_study,active,,under_study,,97.43,30.57,Dadagau Khalanga Bheri HEP,,https://doed.gov.np/pages/gonunderstudy,2026-07-02,f6aca1fc34bc8dc3ea66
Dana Khola Hydropower Project,19.0,Survey,Dana Khola,exact,high,conservative normalized name with spatial/capacity compatibility,generation_license,Generation licence,generation_license,active,generation_license,,,49.95,30.95,Dana Khola HEP,402,https://doed.gov.np/pages/clhydromorethan1,2026-07-02,61931468c944ac470e1b
Daram Khola HEP,7.3,Generation,Daram,exact,high,conservative normalized name with spatial/capacity compatibility,generation_license,Generation licence,cancelled_survey_application | generation_license,mixed,generation_license,,,9.6,2.3,Daram Khola | Daram Khola HEP | Daram Khola HPP,183 | 1997 | 5251 | 6493,https://doed.gov.np/pages/canceled_hydro/ | https://doed.gov.np/pages/clhydromorethan1,2026-07-02,012e77e1d98443f92d6b | 09bceb05b6e526338bd7 | 430e543a96f79e861479 | 76f7faf719fb040b0c70 | c2189625296aa3fb85c8
Daram Khola-A,2.5,Operation,Daram,exact,high,conservative normalized name with spatial/capacity compatibility,operating_record,Operating record,operating_record,active,operating_record,,operating,2.5,0.0,Daram Khola-A,89,https://doed.gov.np/pages/powerplantsmorethan1,2026-07-02,f1e7db58007b0cb05c63
Daraundi A,6.0,Operation,Daraundi,exact,high,conservative normalized name with spatial/capacity compatibility,operating_record,Operating record,operating_record,active,operating_record,,operating,6.0,0.0,Daraundi A,62,https://doed.gov.np/pages/powerplantsmorethan1,2026-07-02,d975683e5d1cec93ea85
Daraundi-1,10.0,Generation,Daraundi,exact,high,conservative normalized name with spatial/capacity compatibility,cancelled_generation_license,Generation licence cancelled,cancelled_generation_license,cancelled,generation_license_cancelled,,,10.0,0.0,Daraundi-1 (GLC),,https://doed.gov.np/pages/glc,2026-07-02,bb21b77ab4b515dfde01
Darkhola Small HPP,4.64,Survey,Dar Khola,exact,high,conservative normalized name with spatial/capacity compatibility,generation_license,Generation licence,generation_license,active,generation_license,,,6.5,1.86,Darkhola Small HEP,397,https://doed.gov.np/pages/clhydromorethan1,2026-07-02,314e3a5a7b22e928fec9
Devdhunga Chaku Khola HEP,3.56,Survey,Chaku and Devdhunga,exact,high,conservative normalized name with spatial/capacity compatibility,generation_license,Generation licence,generation_license,active,generation_license,,,3.56,0.0,Devdhunga Chaku Khola HEP,464,https://doed.gov.np/pages/clhydromorethan1,2026-07-02,ae48bbb773820aff496b
Devighat,14.1,Operation,Trishuli,exact,high,conservative normalized name with spatial/capacity compatibility,operating_record,Operating record,operating_record,active,operating_record,,operating,14.1,0.0,Devighat,1_gtd,https://doed.gov.np/pages/powerplantsmorethan1,2026-07-02,97683c0baa5ea7ea2921
Dhansi Khola Mini,0.996,Generation,Dhansi,exact,high,conservative normalized name with spatial/capacity compatibility,generation_license,Generation licence,generation_license,active,generation_license,,,0.996,0.0,Dhansi Khola Mini,,https://doed.gov.np/pages/clhydrolessthan1,2026-07-02,1a8964d02ce287e7b359
Dhaula Khola HEP,9.5,Survey,Dhaula,exact,high,conservative normalized name with spatial/capacity compatibility,generation_license,Generation licence,generation_license,active,generation_license,,,10.8,1.3,Dhaula Khola HEP,466,https://doed.gov.np/pages/clhydromorethan1,2026-07-02,7a42852169de8e0511fe
Dhauligad Sunakhani Bagar SHP,0.99,Survey,Dhauligad,unmatched,,,,,,,,,,,,,,,,
Dhunge - Jiri,0.6,Generation,Dhunge Khola,exact,high,conservative normalized name with spatial/capacity compatibility,generation_license,Generation licence,generation_license,active,generation_license,,,0.6,0.0,Dhunge - Jiri,,https://doed.gov.np/pages/clhydrolessthan1,2026-07-02,c4bd29807eb1d987cc33
Dordi Dudh Khola Small Hydropower,20.8,Survey,Dordi,exact,high,conservative normalized name with spatial/capacity compatibility,generation_license,Generation licence,generation_license,active,generation_license,,,19.0,1.8,Dordi Dudh Khola Small HEP,438,https://doed.gov.np/pages/clhydromorethan1,2026-07-02,3b5202be5fb709b174ad
Dordi Khola,27.0,Generation,Dordi,exact,high,conservative normalized name with spatial/capacity compatibility,operating_record,Operating record,operating_record,active,operating_record,,operating,27.0,0.0,Dordi Khola,48,https://doed.gov.np/pages/powerplantsmorethan1,2026-07-02,c4f954279a6a9ae5fe2c
Dordi-1,10.3,Generation,Dordi,exact,high,conservative normalized name with spatial/capacity compatibility,operating_record,Operating record,operating_record,active,operating_record,,operating,12.0,1.7,Dordi-1,82,https://doed.gov.np/pages/powerplantsmorethan1,2026-07-02,06c3da644394e50a063c
Down Piluwa,9.5,Generation,Piluwa Khola,exact,high,conservative normalized name with spatial/capacity compatibility,operating_record,Operating record,operating_record,active,operating_record,,operating,10.3,0.8,Down Piluwa,113,https://doed.gov.np/pages/powerplantsmorethan1,2026-07-02,89708691bec07b2f11a7
Dudh Khola Dordi HPP,5.0,Survey,Dudh Khola,exact,high,conservative normalized name with spatial/capacity compatibility,cancelled_survey_license,Survey licence cancelled,cancelled_survey_license,cancelled,survey_license_cancelled,,,5.0,0.0,Dudh Khola Dordi HEP (SLC),,https://doed.gov.np/pages/slc,2026-07-02,d9a4c0d5866065372824
Dudh Khola Small HPP,5.0,Survey,Dudh Khola,exact,high,conservative normalized name with spatial/capacity compatibility,cancelled_survey_license,Survey licence cancelled,cancelled_survey_license,cancelled,survey_license_cancelled,,,5.0,0.0,Dudh Khola Small HPP (SLC),,https://doed.gov.np/pages/slc,2026-07-02,13196520d7dcb5285145
Dudh khola HPP,65.0,Survey,Dudh Khola,exact,high,conservative normalized name with spatial/capacity compatibility,generation_license,Generation licence,cancelled_survey_application | generation_license,mixed,generation_license,,,65.0,0.0,Dudh Khola HEP | Dudh Khola SHP | Dudh khola HEP | Dudh khola HPP,1076 | 1961 | 2772 | 378,https://doed.gov.np/pages/canceled_hydro/ | https://doed.gov.np/pages/clhydromorethan1,2026-07-02,096f121485eba91bda27 | 1dd908e500197150c359 | 334f091b8514d5423e72 | 4f16313898c560ebebaa
Dudhkoshi 10 HEP,75.0,Survey,Dudhkoshi,exact,high,conservative normalized name with spatial/capacity compatibility,cancelled_survey_application,Survey application cancelled,cancelled_survey_application,cancelled,survey_application_cancelled,,,20.0,55.0,Dudhkoshi - 10 Hydropower Project,3628,https://doed.gov.np/pages/canceled_hydro/,2026-07-02,292a05657dc7c8a7a554
Dudhkoshi-6 HEP,83.0,Survey,Dudh Koshi,exact,high,conservative normalized name with spatial/capacity compatibility,generation_application,Generation-licence application,cancelled_survey_application | generation_application,mixed,generation_application,,,171.0,88.0,Dudhkoshi - 6 | Dudhkoshi-6 HEP,1812 | 5832.0,https://doed.gov.np/pages/appclhydro | https://doed.gov.np/pages/canceled_hydro/,2026-07-02,a64612f9d9861fc1bea3 | da347dd953cb02184219
Dudhkoshi-9 HPP,111.0,Survey,Dudhkoshi,exact,high,conservative normalized name with spatial/capacity compatibility,survey_application,Survey-licence application,cancelled_survey_application | survey_application,mixed,survey_application,,,166.0,55.0,Dudhkoshi - 9 Hydroelectric Project | Dudhkoshi - 9 Hydropower Project,10541 | 1423 | 8207,https://doed.gov.np/pages/appslhydromorethan1 | https://doed.gov.np/pages/canceled_hydro/,2026-07-02,447e0758183e28e80a0c | f1c69a3df5cfaf607a75 | f296695201624a18b37b
Dudhkunda Khola HPP,12.0,Survey,Solu Khola,exact,high,conservative normalized name with spatial/capacity compatibility,operating_record,Operating record,operating_record,active,operating_record,,operating,12.0,0.0,Dudhkunda Khola HEP,280,https://doed.gov.np/pages/powerplantsmorethan1,2026-07-02,ccfdc3c3fb009c608555
Dudhpokhari Chepe HEP,8.836,Survey,Chepe Khola,exact,high,conservative normalized name with spatial/capacity compatibility,generation_license,Generation licence,generation_license,active,generation_license,,,8.836,0.0,Dudhpokhari Chepe HEP,338,https://doed.gov.np/pages/clhydromorethan1,2026-07-02,7e9d93bf7ebb8116561b
Durbang Myagdi Khola,25.0,Generation,Myagdi Khola,exact,high,conservative normalized name with spatial/capacity compatibility,generation_license,Generation licence,generation_license,active,generation_license,,,25.0,0.0,Durbang Myagdi Khola,130,https://doed.gov.np/pages/clhydromorethan1,2026-07-02,48e4810a23663519f395
Dwari Khola SHP,3.75,Operation,Dwari,exact,high,conservative normalized name with spatial/capacity compatibility,operating_record,Operating record,operating_record,active,operating_record,,operating,3.75,0.0,Dwari Khola SHP,124,https://doed.gov.np/pages/powerplantsmorethan1,2026-07-02,6d48aae998c80d5452a8
Elun Khola,0.485,Survey,Elun Khola,exact,high,conservative normalized name with spatial/capacity compatibility,generation_license,Generation licence,generation_license,active,generation_license,,,0.987,0.502,Elun Khola,,https://doed.gov.np/pages/clhydrolessthan1,2026-07-02,6d9803f9c818d14e98e7
Feme khola,0.995,Operation,Pheme,exact,high,conservative normalized name with spatial/capacity compatibility,operating_record,Operating record,operating_record,active,operating_record,,operating,0.995,0.0,Feme khola,,https://doed.gov.np/pages/powerplantslessthan1,2026-07-02,134e77d6bf17229c9df2
Galkot Daram Hydroectric Project,5.0,Survey,Daram,unmatched,,,,,,,,,,,,,,,,
Gamari Gad HEP,4.36,Survey,Gamari Gad,exact,high,conservative normalized name with spatial/capacity compatibility,survey_application,Survey-licence application,cancelled_survey_license | survey_application,mixed,survey_application,,,4.6,0.24,Gamari Gad HEP (SLC) | Gamari Gad Hydropower Project,10392,https://doed.gov.np/pages/appslhydromorethan1 | https://doed.gov.np/pages/slc,2026-07-02,3b68042645b6b0ffd04f | e19f399da49e013cd624
Gandak,15.0,Operation,Narayani,exact,high,conservative normalized name with spatial/capacity compatibility,operating_record,Operating record,operating_record,active,operating_record,,operating,15.0,0.0,Gandak,1_gtd,https://doed.gov.np/pages/powerplantsmorethan1,2026-07-02,3f3be289c1e3a13cbd64
Gapuche Madi Nadi HEP,24.0,Survey,Madi,exact,high,conservative normalized name with spatial/capacity compatibility,cancelled_survey_application,Survey application cancelled,cancelled_survey_application,cancelled,survey_application_cancelled,,,4.9,19.1,Gapuche Madi Nadi HEP,5403,https://doed.gov.np/pages/canceled_hydro/,2026-07-02,f4191748fd603a0320cf
Garjan Khola Small HPP,0.9,Survey,Garjan Khola,exact,high,conservative normalized name with spatial/capacity compatibility,generation_application,Generation-licence application,generation_application,active,generation_application,,,0.9,0.0,Garjan Khola Small HPP,547.0,https://doed.gov.np/pages/appclhydro,2026-07-02,0fa5053d01652e7d283e
Gasali Khola Small HEP,4.5,Survey,Gasali,exact,high,conservative normalized name with spatial/capacity compatibility,generation_license,Generation licence,generation_license,active,generation_license,,,4.5,0.0,Gasali Khola Small HEP,449,https://doed.gov.np/pages/clhydromorethan1,2026-07-02,8378d7ebf35a06a3478f
Gelun Khola HPP,3.2,Generation,Gelun,exact,high,conservative normalized name with spatial/capacity compatibility,operating_record,Operating record,operating_record,active,operating_record,,operating,3.2,0.0,Gelun Khola HPP,91,https://doed.gov.np/pages/powerplantsmorethan1,2026-07-02,7e2c8a128c49d793e153
Ghalemdi Khola,5.0,Generation,Ghalemdi,exact,high,conservative normalized name with spatial/capacity compatibility,operating_record,Operating record,operating_record,active,operating_record,,operating,5.0,0.0,Ghalemdi Khola,110,https://doed.gov.np/pages/powerplantsmorethan1,2026-07-02,e8a90e4e17011da19d24
Ghar Khola,8.3,Generation,Ghar,exact,high,conservative normalized name with spatial/capacity compatibility,operating_record,Operating record,cancelled_survey_application | operating_record,mixed,operating_record,,operating,14.0,5.7,Ghar Khola,137,https://doed.gov.np/pages/canceled_hydro/ | https://doed.gov.np/pages/powerplantsmorethan1,2026-07-02,54a99ea2a138e3942bb5 | 8f081476096126c48efd
Ghatte Khola,5.0,Generation,Ghatte Khola,exact,high,conservative normalized name with spatial/capacity compatibility,operating_record,Operating record,cancelled_survey_application | operating_record,mixed,operating_record,,operating,5.0,0.0,Ghatte Khola | Ghatte Khola SHP,138 | 3307 | 3828,https://doed.gov.np/pages/canceled_hydro/ | https://doed.gov.np/pages/powerplantsmorethan1,2026-07-02,098f8402c59415eb1214 | 6c8a08dc45a0d641519e | b5aa8374e3c49ff226cd
Ghatte Khola Small HPP,0.99,Survey,Ghatte Khola,exact,high,conservative normalized name with spatial/capacity compatibility,operating_record,Operating record,operating_record,active,operating_record,,operating,0.99,0.0,Ghatte Khola Small HPP,,https://doed.gov.np/pages/powerplantslessthan1,2026-07-02,edfd80701dedb6ba816d
Ghunsa Khola HPP,71.5,Survey,Ghunsa Khola,exact,high,conservative normalized name with spatial/capacity compatibility,generation_license,Generation licence,cancelled_survey_application | generation_license | survey_application | survey_license,mixed,generation_license,,,77.5,6.0,Ghunsa Khola HEP | Ghunsa Khola HPP | Ghunsa Khola Hydropower Project,3052 | 376 | 5002 | 5833 | 991,https://doed.gov.np/pages/appslhydromorethan1 | https://doed.gov.np/pages/canceled_hydro/ | https://doed.gov.np/pages/clhydromorethan1 | https://doed.gov.np/pages/hydromorethan1,2026-07-02,19a9f3914bfaba3dbb94 | 2a47ccbcffbcda731a1e | 7da492890cce157b1b98 | bcae19a3075b92be707f | caaedab8cbafdc3b02f0
Ghunsa Khola HPP,155.82,Survey,Ghunsa khola,exact,high,conservative normalized name with spatial/capacity compatibility,generation_license,Generation licence,cancelled_survey_application | generation_license | survey_application | survey_license,mixed,generation_license,,,77.5,78.32,Ghunsa Khola HEP | Ghunsa Khola HPP | Ghunsa Khola Hydropower Project,3052 | 376 | 5002 | 5833 | 991,https://doed.gov.np/pages/appslhydromorethan1 | https://doed.gov.np/pages/canceled_hydro/ | https://doed.gov.np/pages/clhydromorethan1 | https://doed.gov.np/pages/hydromorethan1,2026-07-02,19a9f3914bfaba3dbb94 | 2a47ccbcffbcda731a1e | 7da492890cce157b1b98 | bcae19a3075b92be707f | caaedab8cbafdc3b02f0
Ghunsa-Tamor HPP,43.0,Survey,Tamor,alias,high,identical 43 MW capacity promoter and licence-envelope midpoint,generation_license,Generation licence,cancelled_survey_application | generation_license,mixed,generation_license,,,43.0,0.0,Tamor Khola | Tamor Khola HPP,3051 | 511,https://doed.gov.np/pages/canceled_hydro/ | https://doed.gov.np/pages/clhydromorethan1,2026-07-02,2751ebc123caee2cf3d5 | 5e105ea05f09ae4d9fa1
Gidi Khola HEP,9.0,Survey,Gidi,exact,high,conservative normalized name with spatial/capacity compatibility,cancelled_survey_application,Survey application cancelled,cancelled_survey_application,cancelled,survey_application_cancelled,,,4.93,4.07,Gidi Khola HPP | Gidi Khola Hydropower Project,1167 | 2284,https://doed.gov.np/pages/canceled_hydro/,2026-07-02,99fa3a205b90407c65a2 | cfc0f88cefbd7dcb0476
Gochyang Khola Small HEP,0.8,Survey,Gochyang (Pung) Khola,exact,high,conservative normalized name with spatial/capacity compatibility,survey_license,Survey licence,survey_license,active,survey_license,,,0.8,0.0,Gochyang Khola Small HEP,,https://doed.gov.np/pages/hydrolessthan1,2026-07-02,eec80680288568ab81b5
Gohare (Ichowk) SHP,0.95,Generation,Gohora,exact,high,conservative normalized name with spatial/capacity compatibility,generation_license,Generation licence,generation_license,active,generation_license,,,0.95,0.0,Gohare (Ichowk) SHP,,https://doed.gov.np/pages/clhydrolessthan1,2026-07-02,5b6cc726678b4d4fde2a
Gudrung Khola Small HPP,0.8,Survey,Gudrung Khola,unmatched,,,,,,,,,,,,,,,,
Gulandi Khola SHP,0.98,Generation,Gulandi,exact,high,conservative normalized name with spatial/capacity compatibility,generation_license,Generation licence,cancelled_survey_application | generation_license,mixed,generation_license,,,0.98,0.0,Gulandi Khola SHP,1282,https://doed.gov.np/pages/canceled_hydro/ | https://doed.gov.np/pages/clhydrolessthan1,2026-07-02,b5c0e615bbe564155fc4 | ffa4409da869021c5903
Gumu Khola HEP,0.95,Survey,Gumu Khola,exact,high,conservative normalized name with spatial/capacity compatibility,survey_license,Survey licence,cancelled_survey_application | survey_license,mixed,survey_license,,,0.95,0.0,Gumu Khola | Gumu Khola HEP,,https://doed.gov.np/pages/canceled_hydro/ | https://doed.gov.np/pages/hydrolessthan1,2026-07-02,43c6a25ac5d86ceec259 | 544e72f75a3050978697
Hewa A Small HEP,5.0,Generation,Hewa Khola,exact,high,conservative normalized name with spatial/capacity compatibility,generation_license,Generation licence,generation_license,active,generation_license,,,5.0,0.0,Hewa A Small HEP,235,https://doed.gov.np/pages/clhydromorethan1,2026-07-02,d1c195375ee73ce0cc37
Hewa Khola (Chainpur) HEP,2.5,Survey,Hewa Khola,unmatched,,,,,,,,,,,,,,,,
Hewa Khola A,14.9,Operation,Hewa Khola,exact,high,conservative normalized name with spatial/capacity compatibility,operating_record,Operating record,cancelled_survey_application | operating_record,mixed,operating_record,,operating,14.9,0.0,Hewa Khola A | Hewa Khola-A HPP,3791 | 74,https://doed.gov.np/pages/canceled_hydro/ | https://doed.gov.np/pages/powerplantsmorethan1,2026-07-02,b86657c42fe04579792b | d620a630ca7a97a69d0a
Hewa khola,4.455,Operation,Hewa Khola,exact,high,conservative normalized name with spatial/capacity compatibility,operating_record,Operating record,operating_record,active,operating_record,,operating,4.455,0.0,Hewa khola,25,https://doed.gov.np/pages/powerplantsmorethan1,2026-07-02,c06b26fe1630fe8a54be
Hidi Khola HPP,6.82,Survey,Hidi Khola,exact,high,conservative normalized name with spatial/capacity compatibility,generation_license,Generation licence,generation_license,active,generation_license,,,6.82,0.0,Hidi Khola HEP,307,https://doed.gov.np/pages/clhydromorethan1,2026-07-02,e2b5c6251ca2e4195bee
Himchuli Dordi Hydropower Project,57.0,Survey,Dordi,exact,high,conservative normalized name with spatial/capacity compatibility,generation_license,Generation licence,generation_license,active,generation_license,,,57.0,0.0,Himchuli Dordi HEP,370,https://doed.gov.np/pages/clhydromorethan1,2026-07-02,b38d8d4a0a448ed6ee7f
Hongu Khola HPP,21.87,Survey,Hongu Khola,exact,high,conservative normalized name with spatial/capacity compatibility,generation_license,Generation licence,generation_license,active,generation_license,,,28.9,7.03,Hongu Khola HEP,495,https://doed.gov.np/pages/clhydromorethan1,2026-07-02,e9e1037c169a49810c37
Hongu Khola I HEP,18.64,Survey,Hongu Khola,exact,high,conservative normalized name with spatial/capacity compatibility,generation_license,Generation licence,generation_license,active,generation_license,,,30.0,11.36,Hongu Khola I HEP,452,https://doed.gov.np/pages/clhydromorethan1,2026-07-02,c87fe60d4e868892844b
Humla Karnali 1 HPP,235.0,Survey,Humla Karnali,exact,high,conservative normalized name with spatial/capacity compatibility,generation_application,Generation-licence application,generation_application,active,generation_application,,,235.0,0.0,Humla Karnali 1 HEP,6019.0,https://doed.gov.np/pages/appclhydro,2026-07-02,c592032bc9e7dd3a95c6
Humla Karnali 2 HPP,335.0,Survey,Humla Karnali,exact,high,conservative normalized name with spatial/capacity compatibility,generation_application,Generation-licence application,generation_application,active,generation_application,,,335.0,0.0,Humla Karnali 2 HEP,6020.0,https://doed.gov.np/pages/appclhydro,2026-07-02,385aec7ab31aaf803a3a
Idi Khola SHP,0.975,Generation,Idi Khola,exact,high,conservative normalized name with spatial/capacity compatibility,operating_record,Operating record,cancelled_survey_application | operating_record,mixed,operating_record,,operating,0.975,0.0,Idi Khola | Idi Khola HPP | Idi Khola SHP,1421 | 2215 | 2386,https://doed.gov.np/pages/canceled_hydro/ | https://doed.gov.np/pages/powerplantslessthan1,2026-07-02,578d7b7d447d602d04e1 | 601105d94e181e145ee5 | a8f9f51ef0495f294451 | f1c3316020e1f3422bc4
Ikhuwa Khola HEP,30.0,Survey,Ikhuwa,exact,high,conservative normalized name with spatial/capacity compatibility,generation_application,Generation-licence application,cancelled_survey_application | generation_application,mixed,generation_application,,,40.0,10.0,Ikhuwa Khola | Ikhuwa Khola HEP | Ikhuwa Khola HPP | Ikhuwa Khola SHP,4421 | 4964 | 5219 | 8118.0,https://doed.gov.np/pages/appclhydro | https://doed.gov.np/pages/canceled_hydro/,2026-07-02,6120d8951d922f6ff1e7 | 7d3dea36327a7dd195ec | 960f812424bd21da161a | df56b623a9a1f97fc402
Ilep Tatopani Khola HPP,25.0,Survey,Tatopani(Ilep) Khola,exact,high,conservative normalized name with spatial/capacity compatibility,generation_license,Generation licence,cancelled_survey_application | generation_license,mixed,generation_license,,,25.0,0.0,Ilep Tatopani Khola | Ilep Tatopani Khola HEP,346,https://doed.gov.np/pages/canceled_hydro/ | https://doed.gov.np/pages/clhydromorethan1,2026-07-02,75830dd9b256177dd264 | a85e92b75d19d053c578
Indrawati -III,7.5,Operation,Indrawati Khola,exact,high,conservative normalized name with spatial/capacity compatibility,operating_record,Operating record,operating_record,active,operating_record,,operating,7.5,0.0,Indrawati -III,7,https://doed.gov.np/pages/powerplantsmorethan1,2026-07-02,26b8f93d10121a438d46
Irkhuwa Khola Ka HPP,14.1,Survey,Irkhuwa Khola,exact,high,conservative normalized name with spatial/capacity compatibility,generation_license,Generation licence,generation_license,active,generation_license,,,15.0,0.9,Irkhuwa Khola Ka HEP,481,https://doed.gov.np/pages/clhydromorethan1,2026-07-02,bef012c46741353ae9ae
Irkhuwa Khola-B HPP,15.524,Generation,Irkhuwa Khola,exact,high,conservative normalized name with spatial/capacity compatibility,generation_license,Generation licence,cancelled_survey_application | generation_license,mixed,generation_license,,,15.524,0.0,Irkhuwa Khola-B HPP,2 | 222,https://doed.gov.np/pages/canceled_hydro/ | https://doed.gov.np/pages/clhydromorethan1,2026-07-02,5f898c33132f163090da | 6d8ff5258a02f0f49880
Istul Khola HPP,1.506,Generation,Istul,exact,high,conservative normalized name with spatial/capacity compatibility,cancelled_generation_license,Generation licence cancelled,cancelled_generation_license | cancelled_survey_application,cancelled,generation_license_cancelled,,,1.506,0.0,Istul Khola | Istul Khola HPP (GLC) | Istul Khola SHP,5931,https://doed.gov.np/pages/canceled_hydro/ | https://doed.gov.np/pages/glc,2026-07-02,451ec7e75495545269b2 | 6cdf0ea7b21e9c953474 | b22da54534216f3c547d
Isuwa Khola Hydropower Project,97.2,Survey,Isuwa Khola,exact,high,conservative normalized name with spatial/capacity compatibility,generation_license,Generation licence,cancelled_survey_application | generation_license,mixed,generation_license,,,97.2,0.0,Isuwa Khola | Isuwa Khola Hydropower Project,296,https://doed.gov.np/pages/canceled_hydro/ | https://doed.gov.np/pages/clhydromorethan1,2026-07-02,0523fb1669e04e0911d6 | 2568b8e1e05a1f5c866b
Iwa Khola,9.9,Generation,Iwa Khola,exact,high,conservative normalized name with spatial/capacity compatibility,operating_record,Operating record,cancelled_survey_application | operating_record,mixed,operating_record,,operating,9.9,0.0,Iwa Khola | Iwa Khola SHP,139 | 2535 | 3690,https://doed.gov.np/pages/canceled_hydro/ | https://doed.gov.np/pages/powerplantsmorethan1,2026-07-02,153c79e0e2daf1d71b2c | 710f9e8cb481b7c4dcec | b2fbef9737345fd44054
Jagdulla HEP,307.0,Survey,Bheri,exact,high,conservative normalized name with spatial/capacity compatibility,generation_license,Generation licence,cancelled_survey_application | generation_license,mixed,generation_license,,,106.0,201.0,Jagdulla HEP,424 | 5082,https://doed.gov.np/pages/canceled_hydro/ | https://doed.gov.np/pages/clhydromorethan1,2026-07-02,5d5f9ef08c06568e059a | 885c162fba2f6f7ac4b1
Jaldigad,21.0,Survey,Jaldi Gad,exact,high,conservative normalized name with spatial/capacity compatibility,generation_license,Generation licence,cancelled_survey_application | generation_license,mixed,generation_license,,,21.0,0.0,Jaldigad | Jaldigad HPP,2600 | 380,https://doed.gov.np/pages/canceled_hydro/ | https://doed.gov.np/pages/clhydromorethan1,2026-07-02,6385980383dd73d01963 | aa1652642124ac11cf51
Jeuli Gad,0.996,Generation,Jeuli and Bauli,exact,high,conservative normalized name with spatial/capacity compatibility,operating_record,Operating record,cancelled_survey_application | operating_record,mixed,operating_record,,operating,0.996,0.0,Jeuli Gad | Jeuli Gad SHP,5306,https://doed.gov.np/pages/canceled_hydro/ | https://doed.gov.np/pages/powerplantslessthan1,2026-07-02,9b30873f2d62cf2a5b9a | fda9551c10a104f883e7
Jeuli-Gad Cascade Hydroelectric Project,2.0,Survey,Jeuli Gad,exact,high,conservative normalized name with spatial/capacity compatibility,cancelled_survey_license,Survey licence cancelled,cancelled_survey_license,cancelled,survey_license_cancelled,,,2.0,0.0,Jeuli-Gad Cascade Hydroelectric Project (SLC),,https://doed.gov.np/pages/slc,2026-07-02,381028a31ca77ed2ef39
Jhakre-2 Mini HPP,0.4,Survey,Jhakre Khola,exact,high,conservative normalized name with spatial/capacity compatibility,survey_license,Survey licence,survey_license,active,survey_license,,,0.4,0.0,Jhakre-2 Mini HPP,,https://doed.gov.np/pages/hydrolessthan1,2026-07-02,ae0abede204a9c6f6d96
Jhankre Mini HPP,0.635,Operation,Jhakre Khola,exact,high,conservative normalized name with spatial/capacity compatibility,operating_record,Operating record,operating_record,active,operating_record,,operating,0.635,0.0,Jhankre Mini HPP,,https://doed.gov.np/pages/powerplantslessthan1,2026-07-02,7efffc1f472cc4e41776
Jhimruk Aglung HPP,1.5,Survey,Jhimruk,unmatched,,,,,,,,,,,,,,,,
Jhimruk Khola,12.5,Operation,Jhimruk,exact,high,conservative normalized name with spatial/capacity compatibility,operating_record,Operating record,cancelled_survey_application | operating_record,mixed,operating_record,,operating,12.5,0.0,Jhimruk Khola | Jhimruk Khola SHP,3_gtd | 6070,https://doed.gov.np/pages/canceled_hydro/ | https://doed.gov.np/pages/powerplantsmorethan1,2026-07-02,506d770a8615dc30a56a | fbd3c8a7805c1777e86d
Jhyari Khola,2.0,Operation,Jhyari Khola,alias,high,phonetic spelling variant plus identical capacity and midpoint,operating_record,Operating record,operating_record,active,operating_record,,operating,2.0,0.0,Jhyadi Khola,63,https://doed.gov.np/pages/powerplantsmorethan1,2026-07-02,09c13fd35e1d2ee720ba
Jiri Khola SHP,2.4,Operation,Jiri Khola,exact,high,conservative normalized name with spatial/capacity compatibility,operating_record,Operating record,cancelled_survey_application | operating_record,mixed,operating_record,,operating,2.4,0.0,Jiri Khola | Jiri Khola HPP | Jiri Khola SHP,3541 | 42 | 527,https://doed.gov.np/pages/canceled_hydro/ | https://doed.gov.np/pages/powerplantsmorethan1,2026-07-02,1b4fdd904201191e0f8d | 804e37b699ebdce99de1 | 9cc3c2ecf4ddea01a7cf
Jogmai Cascade,6.0,Survey,Jogmai Khola,exact,high,conservative normalized name with spatial/capacity compatibility,operating_record,Operating record,cancelled_survey_application | operating_record,mixed,operating_record,,operating,5.2,0.8,Jogmai Cascade,285 | 4180,https://doed.gov.np/pages/canceled_hydro/ | https://doed.gov.np/pages/powerplantsmorethan1,2026-07-02,459cd395bdc0a3007fd2 | f0dd54be0f6f1dce37da
Jogmai Khola,7.6,Operation,Jogmai Khola,exact,high,conservative normalized name with spatial/capacity compatibility,operating_record,Operating record,cancelled_survey_application | operating_record,mixed,operating_record,,operating,7.6,0.0,Jogmai Khola | Jogmai Khola HPP | Jogmai Khola SHP,6193 | 6280 | 6318 | 86,https://doed.gov.np/pages/canceled_hydro/ | https://doed.gov.np/pages/powerplantsmorethan1,2026-07-02,62f2f1b57db0140d033e | 7616c19f075eb6f9df01 | c437d486e0e0d5b6854c | e780e71e1d7d2a504aca
Jum Khola Hydropower Project,62.0,Survey,Jum,exact,high,conservative normalized name with spatial/capacity compatibility,generation_license,Generation licence,cancelled_survey_application | generation_license,mixed,generation_license,,,56.0,6.0,Jum Khola | Jum Khola HEP | Jum Khola HPP | Jum Khola SHP,342 | 4758 | 5271,https://doed.gov.np/pages/canceled_hydro/ | https://doed.gov.np/pages/clhydromorethan1,2026-07-02,9a16bd40eb4f707b92c2 | acaac19e6cb31b6dd552 | af002c297dcaf8eabda0 | ba6e0a05290544f9f9ec
Jumdi Khola Small,1.75,Generation,Jumdi,exact,high,conservative normalized name with spatial/capacity compatibility,cancelled_generation_license,Generation licence cancelled,cancelled_generation_license,cancelled,generation_license_cancelled,,,1.75,0.0,Jumdi Khola Small (GLC),,https://doed.gov.np/pages/glc,2026-07-02,f969cc147c540bc2104a
Junbeshi,5.2,Generation,Junbeshi,exact,high,conservative normalized name with spatial/capacity compatibility,generation_license,Generation licence,generation_license,active,generation_license,,,5.2,0.0,Junbeshi,80,https://doed.gov.np/pages/clhydromorethan1,2026-07-02,640d01bb2d5a123a975b
Junbesi Small,0.964,Survey,Junbesi Khola,unmatched,,,,,,,,,,,,,,,,
Jurimba Khola Small Hydropower Project,9.824,Survey,Jurimba,exact,high,conservative normalized name with spatial/capacity compatibility,generation_license,Generation licence,generation_license,active,generation_license,,,7.63,2.194,Jurimba Khola Small Hydropower Project,312,https://doed.gov.np/pages/clhydromorethan1,2026-07-02,9b2f60739db03cabdb3b
Kabeli B - 1,25.0,Generation,Kabeli Khola,exact,high,conservative normalized name with spatial/capacity compatibility,operating_record,Operating record,operating_record,active,operating_record,,operating,25.0,0.0,Kabeli B - 1,98,https://doed.gov.np/pages/powerplantsmorethan1,2026-07-02,58f895f0b09e650822d2
Kabeli B1 Cascade HPP,9.94,Survey,Kabeli Khola,exact,high,conservative normalized name with spatial/capacity compatibility,operating_record,Operating record,operating_record,active,operating_record,,operating,9.94,0.0,Kabeli B1 Cascade HPP,277,https://doed.gov.np/pages/powerplantsmorethan1,2026-07-02,f4f915da06c7f8362d00
Kabeli-3 HEP,21.93,Survey,Kabeli,alias,high,same numbered scheme plus identical 21.93 MW capacity and near-identical midpoint,operating_record,Operating record,operating_record,active,operating_record,,operating,21.93,0.0,Kabeli-3 Cascade HEP,350,https://doed.gov.np/pages/powerplantsmorethan1,2026-07-02,32429a37970e8be5ce2e
Kabeli-A,37.6,Generation,Kabeli Khola,exact,high,conservative normalized name with spatial/capacity compatibility,generation_license,Generation licence,generation_license,active,generation_license,,,37.6,0.0,Kabeli-A,70,https://doed.gov.np/pages/clhydromorethan1,2026-07-02,9eaea45415b62b487c2d
Kalanga,15.33,Generation,Kalanga Gad,exact,high,conservative normalized name with spatial/capacity compatibility,operating_record,Operating record,cancelled_survey_application | operating_record,mixed,operating_record,,operating,15.33,0.0,Kalanga,151,https://doed.gov.np/pages/canceled_hydro/ | https://doed.gov.np/pages/powerplantsmorethan1,2026-07-02,b24317272c1a33926de6 | e66271fbaee7564ece7d
Kali Gandaki A,144.0,Operation,Kali Gandaki,exact,high,conservative normalized name with spatial/capacity compatibility,operating_record,Operating record,operating_record,active,operating_record,,operating,144.0,0.0,Kali Gandaki A,4,https://doed.gov.np/pages/powerplantsmorethan1,2026-07-02,50cb545ef234fb4b4872
Kali Gandaki-Kowan,400.0,Generation,Kali Gandaki,alias,high,transliteration plus identical capacity and licence-envelope midpoint,generation_license,Generation licence,generation_license,active,generation_license,,,400.0,0.0,Kaligandaki Koban,167,https://doed.gov.np/pages/clhydromorethan1,2026-07-02,9da0388551b694122e79
Kaligandaki Upper,65.0,Generation,Kali Gandaki,exact,high,conservative normalized name with spatial/capacity compatibility,survey_license,Survey licence,cancelled_generation_license | survey_license,mixed,survey_license,,,65.0,0.0,Kaligandaki Upper (GLC) | Kaligandaki Upper Hydropower Project,1541,https://doed.gov.np/pages/glc | https://doed.gov.np/pages/hydromorethan1,2026-07-02,8ac5020151a154966025 | df91b9c3d0b2eff9251b
Kaligandki Gorge,164.0,Survey,Kali Gandaki,alias,high,spelling correction plus identical licence-envelope midpoint,generation_license,Generation licence,cancelled_survey_application | generation_license,mixed,generation_license,,,180.0,16.0,Kaligandaki Gorge | Kaligandaki Gorge Hydroelectric Project | Kaligandaki Gorge Hydropower Project,251 | 2819 | 3828,https://doed.gov.np/pages/canceled_hydro/ | https://doed.gov.np/pages/clhydromorethan1,2026-07-02,31d1f66e574aecb09e8b | e42356c35335cf23269c | ff8af157d6b9bbfa93b9
Kalika Kaligandaki HEP,49.5,Survey,Kali Gandaki,exact,high,conservative normalized name with spatial/capacity compatibility,generation_license,Generation licence,generation_license,active,generation_license,,,38.16,11.34,Kalika Kaligandaki HEP,443,https://doed.gov.np/pages/clhydromorethan1,2026-07-02,8ca1f565ec0a91d77dc0
Kalinchok Small,2.6,Survey,Budhekhani khola and Bhumithan,exact,high,conservative normalized name with spatial/capacity compatibility,generation_license,Generation licence,generation_license,active,generation_license,,,3.0,0.4,Kalinchok Small HEP,446,https://doed.gov.np/pages/clhydromorethan1,2026-07-02,407232592408f59b18f9
Kapadigad,3.3,Generation,Kapadigad,exact,high,conservative normalized name with spatial/capacity compatibility,operating_record,Operating record,operating_record,active,operating_record,,operating,3.33,0.03,Kapadigad,111,https://doed.gov.np/pages/powerplantsmorethan1,2026-07-02,77ec51199d3b950c46d3
Karuwa Seti HEP,32.0,Survey,Seti,exact,high,conservative normalized name with spatial/capacity compatibility,operating_record,Operating record,operating_record,active,operating_record,,operating,32.0,0.0,Karuwa Seti HEP,305,https://doed.gov.np/pages/powerplantsmorethan1,2026-07-02,199db2ca9870930cd47a
Kasuwa Khola HPP,45.0,Generation,Kasuwa,exact,high,conservative normalized name with spatial/capacity compatibility,generation_license,Generation licence,generation_license,active,generation_license,,,45.0,0.0,Kasuwa Khola HPP,213,https://doed.gov.np/pages/clhydromorethan1,2026-07-02,edf4f606c133692fc0e7
Khadigad Khola,0.5,Survey,khadigad,exact,high,conservative normalized name with spatial/capacity compatibility,survey_license,Survey licence,survey_license,active,survey_license,,,0.5,0.0,Khadigad Khola,,https://doed.gov.np/pages/hydrolessthan1,2026-07-02,5a84bfd01c52642c6ce0
Khani Khola,2.0,Operation,Khani Khola,exact,high,conservative normalized name with spatial/capacity compatibility,operating_record,Operating record,cancelled_survey_application | operating_record,mixed,operating_record,,operating,2.0,0.0,Khani Khola,85,https://doed.gov.np/pages/canceled_hydro/ | https://doed.gov.np/pages/powerplantsmorethan1,2026-07-02,db54e8ac78be030189a7 | f50e9815b4ce2402b930
Khani Khola (Dolakha),30.0,Generation,Khani Khola,exact,high,conservative normalized name with spatial/capacity compatibility,generation_license,Generation licence,generation_license,active,generation_license,,,30.0,0.0,Khani Khola (Dolakha),092,https://doed.gov.np/pages/clhydromorethan1,2026-07-02,04880138ac11b1fb4c51
Khani Khola - 1,40.0,Generation,Khani Khola,exact,high,conservative normalized name with spatial/capacity compatibility,generation_license,Generation licence,generation_license,active,generation_license,,,40.0,0.0,Khani Khola - 1,46,https://doed.gov.np/pages/clhydromorethan1,2026-07-02,25817aa4b19cb67e3763
Khani Khola Small HPP,0.979,Survey,Khani Khola,unmatched,,,,,,,,,,,,,,,,
Khare Hydropower Project,24.1,Generation,Khare,exact,high,conservative normalized name with spatial/capacity compatibility,generation_license,Generation licence,generation_license,active,generation_license,,,24.1,0.0,Khare Hydropower Project,122,https://doed.gov.np/pages/clhydromorethan1,2026-07-02,6063e9b7a29c2ce4be95
Khatyat Khola SHP,0.5,Generation,Khatyat,exact,high,conservative normalized name with spatial/capacity compatibility,generation_license,Generation licence,generation_license,active,generation_license,,,0.5,0.0,Khatyat Khola SHP,,https://doed.gov.np/pages/clhydrolessthan1,2026-07-02,33c4944bfdfbef73acc1
Khimrung HPP,9.4,Survey,Khimrung,exact,high,conservative normalized name with spatial/capacity compatibility,cancelled_survey_license,Survey licence cancelled,cancelled_survey_license,cancelled,survey_license_cancelled,,,9.4,0.0,Khimrung HPP (SLC),,https://doed.gov.np/pages/slc,2026-07-02,ded51171189b9e1c63d1
Khimti -I,60.0,Operation,Khimti Khola,exact,high,conservative normalized name with spatial/capacity compatibility,operating_record,Operating record,operating_record,active,operating_record,,operating,60.0,0.0,Khimti -I,1,https://doed.gov.np/pages/powerplantsmorethan1,2026-07-02,8f3c6ed2f17b8f09b9ac
Khimti Ghwang Khola Small HPP,9.8,Survey,Khimti Khola,alias,high,same named scheme and sub-kilometre midpoint,generation_license,Generation licence,generation_license,active,generation_license,,,9.0,0.8,Khimti Ghwang Khola HEP,430,https://doed.gov.np/pages/clhydromorethan1,2026-07-02,dc6e038b809d34c755d4
Khimti II,48.8,Generation,Khimti Khola,exact,high,conservative normalized name with spatial/capacity compatibility,generation_license,Generation licence,generation_license,active,generation_license,,,48.8,0.0,Khimti II,179,https://doed.gov.np/pages/clhydromorethan1,2026-07-02,99e0c9945f0f1b4dcecc
Khorunga Khola,4.8,Generation,Khoranga Khola,exact,high,conservative normalized name with spatial/capacity compatibility,generation_license,Generation licence,cancelled_survey_application | generation_license,mixed,generation_license,,,4.8,0.0,Khorunga Khola | Khorunga Khola HPP,239 | 87,https://doed.gov.np/pages/canceled_hydro/ | https://doed.gov.np/pages/clhydromorethan1,2026-07-02,93c3f0a0159c45d220ed | a40f090a71b46f62cf2e | af1d043d8765f3b121bf
Khudi Khola,4.0,Operation,Khudi,exact,high,conservative normalized name with spatial/capacity compatibility,operating_record,Operating record,operating_record,active,operating_record,,operating,4.0,0.0,Khudi Khola,16,https://doed.gov.np/pages/powerplantsmorethan1,2026-07-02,ba71d183cbc509f9f9fd
Kimathanka Arun HEP,450.0,Survey,Arun,exact,high,conservative normalized name with spatial/capacity compatibility,generation_application,Generation-licence application,cancelled_survey_application | generation_application,mixed,generation_application,,,454.0,4.0,Kimathanka Arun | Kimathanka Arun HEP,8701.0,https://doed.gov.np/pages/appclhydro | https://doed.gov.np/pages/canceled_hydro/,2026-07-02,30ebc0a01d2a039ec755 | 455f8a817bba9fdb800b | b84b5e568a8de730a707
Kingtang Khola Small HPP,4.0,Survey,Kingtang Khola,unmatched,,,,,,,,,,,,,,,,
Kisedi KHola HEP,0.998,Survey,Kisedi Khola,exact,high,conservative normalized name with spatial/capacity compatibility,survey_application,Survey-licence application,cancelled_survey_application | survey_application,mixed,survey_application,,,0.998,0.0,Kisedi Khola | Kisedi Khola Hydropower Project | Kisedi Khola SHP,1894 | 505,https://doed.gov.np/pages/appslhydrolessthan1 | https://doed.gov.np/pages/canceled_hydro/,2026-07-02,435fd50e77285b823c88 | 499bb1d82cf3254ff5b9 | abfa7a89c7f5c11665e7
Kisedi Khola Small HPP,4.6,Survey,Kisedi Khola,exact,high,conservative normalized name with spatial/capacity compatibility,generation_license,Generation licence,generation_license,active,generation_license,,,4.1,0.5,Kisedi Khola Small HEP,433,https://doed.gov.np/pages/clhydromorethan1,2026-07-02,6bdd635694f17102336b
Kule Khani Third,14.0,Generation,Kulekhani,exact,high,conservative normalized name with spatial/capacity compatibility,operating_record,Operating record,operating_record,active,operating_record,,operating,14.0,0.0,Kule Khani Third,24,https://doed.gov.np/pages/powerplantsmorethan1,2026-07-02,6456a1968fb09e96ce9c
Kulekhani-I,60.0,Operation,Kulekhani,exact,high,conservative normalized name with spatial/capacity compatibility,operating_record,Operating record,operating_record,active,operating_record,,operating,60.0,0.0,Kulekhani-I,1_gtd,https://doed.gov.np/pages/powerplantsmorethan1,2026-07-02,cbaa00de909e52a891a0
Kulekhani-II,32.0,Operation,Kulekhani,exact,high,conservative normalized name with spatial/capacity compatibility,operating_record,Operating record,operating_record,active,operating_record,,operating,32.0,0.0,Kulekhani-II,1_gtd,https://doed.gov.np/pages/powerplantsmorethan1,2026-07-02,b468ed0cfc1392c9675f
Kunban Khola HPP,8.2,Survey,Kunban,exact,high,conservative normalized name with spatial/capacity compatibility,generation_license,Generation licence,generation_license,active,generation_license,,,20.0,11.8,Kunban Khola HEP,366,https://doed.gov.np/pages/clhydromorethan1,2026-07-02,5824799f6db61fba527f
Kuwadi Khola Hydropower Project,9.6,Survey,Kuwadi,exact,high,conservative normalized name with spatial/capacity compatibility,cancelled_survey_application,Survey application cancelled,cancelled_survey_application,cancelled,survey_application_cancelled,,,30.0,20.4,Kuwadi Khola HPP,2706,https://doed.gov.np/pages/canceled_hydro/,2026-07-02,6120e01c421b5c29e52a
Kyadusyo Khola Small HEP,4.5,Survey,Kyadusyo,exact,high,conservative normalized name with spatial/capacity compatibility,cancelled_survey_license,Survey licence cancelled,cancelled_survey_license,cancelled,survey_license_cancelled,,,4.5,0.0,Kyadusyo Khola Small HEP (SLC),,https://doed.gov.np/pages/slc,2026-07-02,c87720b6275e8167744b
Ladku Khola Small HPP,2.4,Survey,Ladku Khola,exact,high,conservative normalized name with spatial/capacity compatibility,cancelled_survey_license,Survey licence cancelled,cancelled_survey_application | cancelled_survey_license,cancelled,survey_license_cancelled,,,2.4,0.0,Ladku Khola Small HEP | Ladku Khola Small HPP (SLC) | Ladku Khola Small Hydropower Project | Ladku Khola small HPP,1150 | 3891 | 7814,https://doed.gov.np/pages/canceled_hydro/ | https://doed.gov.np/pages/slc,2026-07-02,17369641efa1af80d96a | 2f4a04ca0539ec3a48c7 | 625cd6fd56a92117b650 | 6ac76db25f9ba7237ac2
Landruk Modi HEP,86.59,Survey,Modi Khola,exact,high,conservative normalized name with spatial/capacity compatibility,generation_license,Generation licence,generation_license,active,generation_license,,,86.59,0.0,Landruk Modi HEP,313,https://doed.gov.np/pages/clhydromorethan1,2026-07-02,34a6db76d68a2a70d22d
Langdi Khola Small HPP,4.0,Survey,Langdi,unmatched,,,,,,,,,,,,,,,,
Langtang Khola Small Hydropower Project,10.0,Generation,Langtang,exact,high,conservative normalized name with spatial/capacity compatibility,generation_license,Generation licence,generation_license,active,generation_license,,,20.0,10.0,Langtang Khola Small Hydropower Project,142,https://doed.gov.np/pages/clhydromorethan1,2026-07-02,286d3ecf770ec17c7bcf
Lankhuwa Khola,5.0,Generation,Lankhuwa,exact,high,conservative normalized name with spatial/capacity compatibility,operating_record,Operating record,cancelled_survey_application | operating_record,mixed,operating_record,,operating,5.0,0.0,Lankhuwa Khola,200,https://doed.gov.np/pages/canceled_hydro/ | https://doed.gov.np/pages/powerplantsmorethan1,2026-07-02,5ae25273634c45e29604 | 7dab60225e4cd3f29cc3
Lantang Khola Reservoir Hydropower Project,310.0,Survey,Langtang,unmatched,,,,,,,,,,,,,,,,
Lapche Khola,160.0,Generation,Lapche,exact,high,conservative normalized name with spatial/capacity compatibility,generation_license,Generation licence,cancelled_survey_application | generation_license,mixed,generation_license,,,160.0,0.0,Lapche Khola | Lapche Khola HPP,212 | 2421,https://doed.gov.np/pages/canceled_hydro/ | https://doed.gov.np/pages/clhydromorethan1,2026-07-02,91fe17c0b0df504318ca | c9505e1a45aa3cadd285
Lapche- Tamakoshi HEP,22.0,Survey,"Lapche, Tamakoshi",exact,high,conservative normalized name with spatial/capacity compatibility,generation_license,Generation licence,generation_license,active,generation_license,,,42.0,20.0,Lapche- Tamakoshi HEP,413,https://doed.gov.np/pages/clhydromorethan1,2026-07-02,e94e61784e379b62f2ac
Likhu -1,77.0,Generation,Likhu Khola,exact,high,conservative normalized name with spatial/capacity compatibility,operating_record,Operating record,operating_record,active,operating_record,,operating,77.0,0.0,Likhu -1,145,https://doed.gov.np/pages/powerplantsmorethan1,2026-07-02,96580941e1cc044c05c7
Likhu -2,55.0,Generation,Likhu Khola,exact,high,conservative normalized name with spatial/capacity compatibility,operating_record,Operating record,operating_record,active,operating_record,,operating,55.0,0.0,Likhu -2,146,https://doed.gov.np/pages/powerplantsmorethan1,2026-07-02,a99882166faff0bd24f8
Likhu Khola 'A',51.0,Generation,Likhu Khola,exact,high,conservative normalized name with spatial/capacity compatibility,operating_record,Operating record,operating_record,active,operating_record,,operating,51.0,0.0,Likhu Khola 'A',148,https://doed.gov.np/pages/powerplantsmorethan1,2026-07-02,be4487d9e14e2bc3a700
Likhu-4,52.4,Generation,Likhu Khola,exact,high,conservative normalized name with spatial/capacity compatibility,operating_record,Operating record,operating_record,active,operating_record,,operating,52.4,0.0,Likhu-4,59,https://doed.gov.np/pages/powerplantsmorethan1,2026-07-02,3a6e0a4ed8e0c5690bb5
Liping Khola,16.26,Generation,Liping,exact,high,conservative normalized name with spatial/capacity compatibility,generation_license,Generation licence,generation_license,active,generation_license,,,16.26,0.0,Liping Khola,164,https://doed.gov.np/pages/clhydromorethan1,2026-07-02,8a59f44a155b1bc856cd
Lodo Khola Small HEP,1.73,Survey,Lodo Khola,alias,high,Sana-Small translation plus same midpoint and close capacity,generation_license,Generation licence,generation_license,active,generation_license,,,1.6,0.13,Lodo Khola Sana HEP,478,https://doed.gov.np/pages/clhydromorethan1,2026-07-02,da814205c8a113067789
Lohare Khola,4.2,Generation,Lohore Khola,exact,high,conservative normalized name with spatial/capacity compatibility,generation_license,Generation licence,generation_license,active,generation_license,,,4.2,0.0,Lohare Khola,105,https://doed.gov.np/pages/clhydromorethan1,2026-07-02,28c97592c2c3859d14ad
Lomsa HEP,1.1,Survey,Dhamile- Ghatte,exact,high,conservative normalized name with spatial/capacity compatibility,cancelled_generation_application,Generation application cancelled,cancelled_generation_application,cancelled,generation_application_cancelled,,,1.1,0.0,Lomsa HEP (GAC),,https://doed.gov.np/pages/generationcanceled,2026-07-02,4d04f446114aab299d08
Lower Balephi,20.0,Survey,Balephi,exact,high,conservative normalized name with spatial/capacity compatibility,generation_license,Generation licence,generation_license,active,generation_license,,,20.0,0.0,Lower Balephi,300,https://doed.gov.np/pages/clhydromorethan1,2026-07-02,d3ad371e7d49473fb797
Lower Barun Khola HPP,132.0,Survey,Barun Khola,exact,high,conservative normalized name with spatial/capacity compatibility,generation_license,Generation licence,generation_license,active,generation_license,,,132.0,0.0,Lower Barun Khola HPP,487,https://doed.gov.np/pages/clhydromorethan1,2026-07-02,6a60a6e542dba98318e9
Lower Bhim Khola HPP,3.6,Survey,Bhim Khola,exact,high,conservative normalized name with spatial/capacity compatibility,generation_license,Generation licence,generation_license,active,generation_license,,,6.05,2.45,Lower Bhim Khola HEP,393,https://doed.gov.np/pages/clhydromorethan1,2026-07-02,4c06726277b0c8e9b797
Lower Bom Khola HPP,0.184,Survey,Bom Khola,exact,high,conservative normalized name with spatial/capacity compatibility,survey_license,Survey licence,survey_license,active,survey_license,,,0.184,0.0,Lower Bom Khola HPP,,https://doed.gov.np/pages/hydrolessthan1,2026-07-02,9116814a516a45cb0674
Lower Chaku Khola,1.8,Operation,Chaku,exact,high,conservative normalized name with spatial/capacity compatibility,operating_record,Operating record,operating_record,active,operating_record,,operating,1.8,0.0,Lower Chaku Khola,26,https://doed.gov.np/pages/powerplantsmorethan1,2026-07-02,7f9c8fc43b40d23455c2
Lower Charnawati,6.4,Survey,Charnawati,exact,high,conservative normalized name with spatial/capacity compatibility,cancelled_generation_application,Generation application cancelled,cancelled_generation_application,cancelled,generation_application_cancelled,,,6.4,0.0,Lower Charnawati HEP (GAC),,https://doed.gov.np/pages/generationcanceled,2026-07-02,84fdb91045e0899a6166
Lower Chhote Khola Small HPP,0.997,Generation,Chhote,exact,high,conservative normalized name with spatial/capacity compatibility,generation_license,Generation licence,generation_license,active,generation_license,,,0.997,0.0,Lower Chhote Khola Small HPP,,https://doed.gov.np/pages/clhydrolessthan1,2026-07-02,e1a204303a6e3810d70b
Lower Chirkhuwa,4.06,Generation,Chirkhuwa,exact,high,conservative normalized name with spatial/capacity compatibility,generation_license,Generation licence,cancelled_survey_application | generation_license,mixed,generation_license,,,4.06,0.0,Lower Chirkhuwa,196 | 2540,https://doed.gov.np/pages/canceled_hydro/ | https://doed.gov.np/pages/clhydromorethan1,2026-07-02,712ec050bcab6150bd0c | da17c267bfd802e91356
Lower Dudkunda HPP,6.0,Survey,Dudh Kunda,alias,high,spelling variant plus same lower scheme and sub-kilometre midpoint,generation_license,Generation licence,generation_license,active,generation_license,,,9.48,3.48,Lower Dudhkunda Hydropower Project,441,https://doed.gov.np/pages/clhydromorethan1,2026-07-02,2e806148bba5a4a889cf
Lower Hewa,21.6,Generation,Hewa Khola,exact,high,conservative normalized name with spatial/capacity compatibility,operating_record,Operating record,operating_record,active,operating_record,,operating,22.1,0.5,Lower Hewa,99,https://doed.gov.np/pages/powerplantsmorethan1,2026-07-02,c0e60c18a99a01f8fb44
Lower Hewa Khola-A HPP,7.3,Survey,Hewa Khola,exact,high,conservative normalized name with spatial/capacity compatibility,generation_license,Generation licence,generation_license,active,generation_license,,,7.3,0.0,Lower Hewa Khola-A HPP,276,https://doed.gov.np/pages/clhydromorethan1,2026-07-02,405d7e6b9741f66b89b5
Lower Iguwa Khola Hydro-Electric Project,6.9,Survey,Iwa Khola,unmatched,,,,,,,,,,,,,,,,
Lower Irkhuwa Khola,14.15,Generation,Irkhuwa Khola,exact,high,conservative normalized name with spatial/capacity compatibility,operating_record,Operating record,operating_record,active,operating_record,,operating,14.15,0.0,Lower Irkhuwa Khola,219,https://doed.gov.np/pages/powerplantsmorethan1,2026-07-02,2c6051974bbe7ef746a0
Lower Isuwa Khola HPP,37.7,Survey,Isuwa Khola,exact,high,conservative normalized name with spatial/capacity compatibility,survey_application,Survey-licence application,survey_application,active,survey_application,,,4.9,32.8,Lower Isuwa Khola Hydropower Project,2572,https://doed.gov.np/pages/appslhydromorethan1,2026-07-02,0082e4bf19c846c6283d
Lower Jhyari Khola Small HPP,2.5,Survey,Jhyari Khola,exact,high,conservative normalized name with spatial/capacity compatibility,cancelled_survey_license,Survey licence cancelled,cancelled_survey_license,cancelled,survey_license_cancelled,,,2.5,0.0,Lower Jhyari Khola Small HPP (SLC),,https://doed.gov.np/pages/slc,2026-07-02,f0fd44e7a0041550cc52
Lower Jogmai Khola HPP,6.2,Survey,Jogmai Khola,exact,high,conservative normalized name with spatial/capacity compatibility,operating_record,Operating record,cancelled_survey_application | operating_record,mixed,operating_record,,operating,6.2,0.0,Lower Jogmai Khola HPP,1703 | 264,https://doed.gov.np/pages/canceled_hydro/ | https://doed.gov.np/pages/powerplantsmorethan1,2026-07-02,38274f811e1617390ef3 | daef74f08271b07b2b0b
Lower Kalanga Gad Hydroelectric Project,8.0,Survey,Kalanga Gad,exact,high,conservative normalized name with spatial/capacity compatibility,generation_license,Generation licence,generation_license,active,generation_license,,,8.0,0.0,Lower Kalanga Gad HEP,483,https://doed.gov.np/pages/clhydromorethan1,2026-07-02,f8cefdd5bfcdfa03efc0
Lower Khani-B HEP,6.2,Survey,Khani,exact,high,conservative normalized name with spatial/capacity compatibility,generation_license,Generation licence,generation_license,active,generation_license,,,6.2,0.0,Lower Khani-B HEP,408,https://doed.gov.np/pages/clhydromorethan1,2026-07-02,1d4c318dc4ba57464cff
Lower Khare,11.0,Generation,Khare,exact,high,conservative normalized name with spatial/capacity compatibility,operating_record,Operating record,operating_record,active,operating_record,,operating,11.0,0.0,Lower Khare,64,https://doed.gov.np/pages/powerplantsmorethan1,2026-07-02,f5bfa83467b1a92c1f4d
Lower Khorunga,5.5,Generation,Khoranga Khola,exact,high,conservative normalized name with spatial/capacity compatibility,generation_license,Generation licence,generation_license,active,generation_license,,,5.5,0.0,Lower Khorunga,165,https://doed.gov.np/pages/clhydromorethan1,2026-07-02,95ba4cc1a6f078d7c681
Lower Likhu,28.1,Generation,Likhu Khola,exact,high,conservative normalized name with spatial/capacity compatibility,operating_record,Operating record,operating_record,active,operating_record,,operating,28.1,0.0,Lower Likhu,154,https://doed.gov.np/pages/powerplantsmorethan1,2026-07-02,9e4a752b613e4868560e
Lower Melamchi HEP,4.0,Survey,Melamchi,exact,high,conservative normalized name with spatial/capacity compatibility,generation_license,Generation licence,generation_license,active,generation_license,,,4.96,0.96,Lower Melamchi HEP,493,https://doed.gov.np/pages/clhydromorethan1,2026-07-02,332b1a54dfbe9079929e
Lower Mid Rawa Khola HEP,3.64,Survey,Rawa,exact,high,conservative normalized name with spatial/capacity compatibility,generation_license,Generation licence,cancelled_survey_application | generation_license,mixed,generation_license,,,4.0,0.36,Lower Mid Rawa Khola HEP,319 | 4929,https://doed.gov.np/pages/canceled_hydro/ | https://doed.gov.np/pages/clhydromorethan1,2026-07-02,157e0259ad039c2f4b12 | b6fafba57df0e3ae81c4
Lower Midim Khola SHP,0.996,Generation,Midim Khola,exact,high,conservative normalized name with spatial/capacity compatibility,generation_license,Generation licence,generation_license,active,generation_license,,,0.996,0.0,Lower Midim Khola SHP,,https://doed.gov.np/pages/clhydrolessthan1,2026-07-02,6aa2e5088ed558c198d1
Lower Modi Khola,20.0,Generation,Modi Khola,exact,high,conservative normalized name with spatial/capacity compatibility,operating_record,Operating record,operating_record,active,operating_record,,operating,20.0,0.0,Lower Modi Khola,38,https://doed.gov.np/pages/powerplantsmorethan1,2026-07-02,9bdc05811ab05d605b27
Lower Modi-II Cascade HPP,10.5,Generation,Modi Khola,unmatched,,,,,,,,,,,,,,,,
Lower Nyadi HPP,10.5,Survey,Nyadi,exact,high,conservative normalized name with spatial/capacity compatibility,generation_license,Generation licence,cancelled_survey_application | generation_license,mixed,generation_license,,,12.6,2.1,Lower Nyadi HEP | Lower Nyadi Hydroelectric Project | Lower Nyadi Hydropower Project | Lower nyadi,1176 | 2287 | 387 | 4867,https://doed.gov.np/pages/canceled_hydro/ | https://doed.gov.np/pages/clhydromorethan1,2026-07-02,b73053f77e217edf4164 | d1bdbe8784ebc85c0d43 | e03058b76f83a05bed35 | f6b25d9e1707856f27f4
Lower Piluwa,0.99,Operation,Piluwa Khola,exact,high,conservative normalized name with spatial/capacity compatibility,operating_record,Operating record,operating_record,active,operating_record,,operating,0.99,0.0,Lower Piluwa,,https://doed.gov.np/pages/powerplantslessthan1,2026-07-02,91eb27c4880375c0e099
Lower Rukumgad HEP,5.25,Survey,Rukum gad,exact,high,conservative normalized name with spatial/capacity compatibility,cancelled_survey_application,Survey application cancelled,cancelled_survey_application,cancelled,survey_application_cancelled,,,5.25,0.0,Lower Rukumgad Hydropower Project,3898,https://doed.gov.np/pages/canceled_hydro/,2026-07-02,f669ae1f2dec45b98914
Lower Rupse Khola HEP,2.5,Survey,Rupse,exact,high,conservative normalized name with spatial/capacity compatibility,generation_license,Generation licence,generation_license,active,generation_license,,,1.86,0.64,Lower Rupse Khola HEP,503,https://doed.gov.np/pages/clhydromorethan1,2026-07-02,7c36df45c9a4775ff0ad
Lower Selang Khola,1.475,Generation,Selang,exact,high,conservative normalized name with spatial/capacity compatibility,generation_license,Generation licence,generation_license,active,generation_license,,,1.475,0.0,Lower Selang Khola,208,https://doed.gov.np/pages/clhydromorethan1,2026-07-02,c9d81c2b4ac5f3417d70
Lower Seti (Tanahu) HEP,92.0,Survey,Seti,exact,high,conservative normalized name with spatial/capacity compatibility,generation_application,Generation-licence application,generation_application,active,generation_application,,,126.0,34.0,Lower Seti (Tanahu) HEP,2318.0,https://doed.gov.np/pages/appclhydro,2026-07-02,8b983426cacf31923cce
Lower Solu Hydropower Project,82.0,Generation,Solu Khola,exact,high,conservative normalized name with spatial/capacity compatibility,operating_record,Operating record,cancelled_survey_application | operating_record,mixed,operating_record,,operating,82.0,0.0,Lower Solu | Lower Solu Hydropower Project,118,https://doed.gov.np/pages/canceled_hydro/ | https://doed.gov.np/pages/powerplantsmorethan1,2026-07-02,8bed85f8a57826f44592 | ffaeb2e15c80b61315c4
Lower Tadi,4.993,Generation,Tadi Khola,exact,high,conservative normalized name with spatial/capacity compatibility,operating_record,Operating record,operating_record,active,operating_record,,operating,4.993,0.0,Lower Tadi,88,https://doed.gov.np/pages/powerplantsmorethan1,2026-07-02,492242b4583edf4ad8a5
Lower Tawakhola HEP,8.0,Survey,Tawa Khola,exact,high,conservative normalized name with spatial/capacity compatibility,generation_license,Generation licence,generation_license,active,generation_license,,,7.1,0.9,Lower Tawakhola HEP,460,https://doed.gov.np/pages/clhydromorethan1,2026-07-02,326011653bfb15bcc241
Lower Thulo Khola Hydropower Project,4.75,Survey,Thulo Khola,alias,high,same lower scheme plus identical capacity and sub-kilometre midpoint,generation_license,Generation licence,generation_license,active,generation_license,,,4.75,0.0,Lower Thulo Khola HEP (RoR Cascade),458,https://doed.gov.np/pages/clhydromorethan1,2026-07-02,ee83e26451ce5dd94012
Ludee Khola SHP,0.75,Generation,Ludi,unmatched,,,,,,,,,,,,,,,,
Luja Khola HPP,24.8,Survey,Luja Khola,exact,high,conservative normalized name with spatial/capacity compatibility,generation_license,Generation licence,cancelled_survey_application | generation_license,mixed,generation_license,,,24.8,0.0,Luja Khola | Luja Khola HEP,391 | 932,https://doed.gov.np/pages/canceled_hydro/ | https://doed.gov.np/pages/clhydromorethan1,2026-07-02,862096614a0f7b36c5e0 | a5c02c43a59d65d34655
Lung Khola HPP,2.42,Survey,Lung Khola,exact,high,conservative normalized name with spatial/capacity compatibility,cancelled_survey_license,Survey licence cancelled,cancelled_survey_license,cancelled,survey_license_cancelled,,,2.42,0.0,Lung Khola HEP (SLC),,https://doed.gov.np/pages/slc,2026-07-02,e8c37f66987aadeb973a
MIddle Ingwa Khola Hydropower Project,15.0,Survey,Iwa Khola,unmatched,,,,,,,,,,,,,,,,
Machhapuchhre Modi HEP,24.6,Survey,Modi,exact,high,conservative normalized name with spatial/capacity compatibility,gon_under_study,Government project under study,cancelled_survey_application | gon_under_study,mixed,,under_study,,24.6,0.0,Machhapuchhre Modi (Reserved) | Machhapuchhre Modi HEP,5146,https://doed.gov.np/pages/canceled_hydro/ | https://doed.gov.np/pages/gonunderstudy,2026-07-02,3f9adc957c355bcdce29 | b0ff1e4b3077ac6fa5d0
Machhe Khola HPP,18.0,Survey,Machha Khola,exact,high,conservative normalized name with spatial/capacity compatibility,generation_license,Generation licence,generation_license,active,generation_license,,,16.0,2.0,Machhe Khola HEP,428,https://doed.gov.np/pages/clhydromorethan1,2026-07-02,f12870ba384f24fac7f2
Madhya Bhotekoshi,102.0,Generation,Bhote koshi,exact,high,conservative normalized name with spatial/capacity compatibility,operating_record,Operating record,operating_record,active,operating_record,,operating,102.0,0.0,Madhya Bhotekoshi,108,https://doed.gov.np/pages/powerplantsmorethan1,2026-07-02,b7589ccb0219df6890a1
Madhya Marsyangdi,70.0,Operation,Marsyangdi,exact,high,conservative normalized name with spatial/capacity compatibility,operating_record,Operating record,operating_record,active,operating_record,,operating,70.0,0.0,Madhya Marsyangdi,8,https://doed.gov.np/pages/powerplantsmorethan1,2026-07-02,cf58826eb3d8198106f6
Madi-Bhorletar,10.0,Generation,Madi Khola,exact,high,conservative normalized name with spatial/capacity compatibility,cancelled_generation_license,Generation licence cancelled,cancelled_generation_license,cancelled,generation_license_cancelled,,,10.0,0.0,Madi-Bhorletar (GLC),,https://doed.gov.np/pages/glc,2026-07-02,c999f9c38f7762ab4121
Madkyu Khola,13.0,Operation,Madkyu,exact,high,conservative normalized name with spatial/capacity compatibility,operating_record,Operating record,cancelled_survey_application | operating_record,mixed,operating_record,,operating,13.0,0.0,Madkyu Khola | Madkyu Khola HPP,116 | 1809,https://doed.gov.np/pages/canceled_hydro/ | https://doed.gov.np/pages/powerplantsmorethan1,2026-07-02,0ac8c73ed098b3d7c93c | b767d7e8a8d354a2ea3c
Madme Khola HPP,24.0,Survey,Madme Khola,exact,high,conservative normalized name with spatial/capacity compatibility,operating_record,Operating record,cancelled_survey_application | operating_record,mixed,operating_record,,operating,24.0,0.0,Madme Khola HPP,2084 | 299 | 5336,https://doed.gov.np/pages/canceled_hydro/ | https://doed.gov.np/pages/powerplantsmorethan1,2026-07-02,0282d640b0108a959708 | 6c20fc7a9903235187e2 | b8c3b2ebf9b47a7f778f
Madya Super Daraundi HPP,10.0,Survey,Daraundi,exact,high,conservative normalized name with spatial/capacity compatibility,generation_license,Generation licence,generation_license,active,generation_license,,,10.0,0.0,Madya Super Daraundi HPP,301,https://doed.gov.np/pages/clhydromorethan1,2026-07-02,9c2a98eb8ad57e8ae514
Mai,22.0,Operation,Mai Khola,exact,high,conservative normalized name with spatial/capacity compatibility,operating_record,Operating record,cancelled_survey_application | operating_record,mixed,operating_record,,operating,22.0,0.0,Mai,37,https://doed.gov.np/pages/canceled_hydro/ | https://doed.gov.np/pages/powerplantsmorethan1,2026-07-02,0ee3930f81d2927840eb | 2cd8cfb216a2778e99e9
Mai Beni HPP,9.51,Generation,Mai Khola,exact,high,conservative normalized name with spatial/capacity compatibility,operating_record,Operating record,operating_record,active,operating_record,,operating,9.51,0.0,Mai Beni HPP,228,https://doed.gov.np/pages/powerplantsmorethan1,2026-07-02,409a8dea5cf483ee7e1d
Mai Cascade,7.0,Operation,Mai Khola,exact,high,conservative normalized name with spatial/capacity compatibility,operating_record,Operating record,operating_record,active,operating_record,,operating,7.0,0.0,Mai Cascade | Mai Cascade HPP,101 | 72,https://doed.gov.np/pages/powerplantsmorethan1,2026-07-02,2adb1f3c3119106b1ff9 | b3539c93b1257faf6a15
Mai Cascade HPP,8.0,Operation,Mai Khola,exact,high,conservative normalized name with spatial/capacity compatibility,operating_record,Operating record,operating_record,active,operating_record,,operating,7.0,1.0,Mai Cascade | Mai Cascade HPP,101 | 72,https://doed.gov.np/pages/powerplantsmorethan1,2026-07-02,2adb1f3c3119106b1ff9 | b3539c93b1257faf6a15
Mai Khola,4.5,Operation,Mai Khola,exact,high,conservative normalized name with spatial/capacity compatibility,operating_record,Operating record,cancelled_survey_application | operating_record,mixed,operating_record,,operating,4.5,0.0,Mai Khola | Mai Khola HPP | Mai Khola SHP,23 | 3001 | 323 | 3244 | 4481,https://doed.gov.np/pages/canceled_hydro/ | https://doed.gov.np/pages/powerplantsmorethan1,2026-07-02,32db682740b04b365ea8 | 3a5007a834e9e1acebc4 | 50cf93001e4fe2a4e5ce | 64a49974f5b0c832cd36 | b67186e32a32d86fadf8
Mai Third HPP,4.82,Survey,Mai Khola,exact,high,conservative normalized name with spatial/capacity compatibility,survey_application,Survey-licence application,cancelled_survey_license | survey_application,mixed,survey_application,,,4.82,0.0,Mai Third HEP (SLC) | Mai Third Hydropower Project,9509,https://doed.gov.np/pages/appslhydromorethan1 | https://doed.gov.np/pages/slc,2026-07-02,1bf626f91abac9fa19c1 | 6a9f0fae31d41fb2d771
Mailung Khola,5.0,Operation,Mailung Khola,exact,high,conservative normalized name with spatial/capacity compatibility,operating_record,Operating record,cancelled_survey_application | operating_record,mixed,operating_record,,operating,5.0,0.0,Mailung Khola | Mailung Khola SHP,13 | 1332,https://doed.gov.np/pages/canceled_hydro/ | https://doed.gov.np/pages/powerplantsmorethan1,2026-07-02,1c95cf27e782a23bf286 | 7cdadbbaf6c5bde79b9f | eaa180ad4d9bb4026495
Makari gad,10.0,Generation,Makari gad,exact,high,conservative normalized name with spatial/capacity compatibility,operating_record,Operating record,operating_record,active,operating_record,,operating,10.0,0.0,Makari gad,170,https://doed.gov.np/pages/powerplantsmorethan1,2026-07-02,55b9e4e1fc4ef60251f1
Malta Bagmati Small Hydro Power Project,8.85,Survey,Bagmati,exact,high,conservative normalized name with spatial/capacity compatibility,generation_license,Generation licence,generation_license,active,generation_license,,,6.5,2.35,Malta Bagmati Small HEP,444,https://doed.gov.np/pages/clhydromorethan1,2026-07-02,bf23034059d788dece00
Manahari Khola HEP,9.258,Survey,Manhari,exact,high,conservative normalized name with spatial/capacity compatibility,generation_license,Generation licence,cancelled_survey_application | generation_license | gon_under_study,mixed,generation_license,,,4.5,4.758,Manahari Khola HEP | Manahari Khola HPP | Manahari Khola SHP,1384 | 507 | 5157 | 7103,https://doed.gov.np/pages/canceled_hydro/ | https://doed.gov.np/pages/clhydromorethan1 | https://doed.gov.np/pages/gonunderstudy,2026-07-02,0a6b8fa0025d8bb58895 | c00889802f5abccdeecb | ceaec4f2da57e420cd68 | ec9aae08abb78fef1e33 | fd1f614101f9cc91cf21
Mardi Khola,4.8,Operation,Mardi,exact,high,conservative normalized name with spatial/capacity compatibility,operating_record,Operating record,cancelled_survey_application | operating_record,mixed,operating_record,,operating,4.8,0.0,Mardi Khola,21,https://doed.gov.np/pages/canceled_hydro/ | https://doed.gov.np/pages/powerplantsmorethan1,2026-07-02,425dedd82962c12ee4a2 | 72e6186b8c544fe74ea4
Marshyangdi-7 Hydropower Project,54.0,Survey,Marsyangdi,exact,high,conservative normalized name with spatial/capacity compatibility,cancelled_survey_application,Survey application cancelled,cancelled_survey_application,cancelled,survey_application_cancelled,,,85.0,31.0,Marshyangdi-7 Hydropower Project,2839,https://doed.gov.np/pages/canceled_hydro/,2026-07-02,122c1643d3e55d09026f
Marsyangdi,69.0,Operation,Marsyangdi,exact,high,conservative normalized name with spatial/capacity compatibility,operating_record,Operating record,cancelled_survey_application | operating_record,mixed,operating_record,,operating,69.0,0.0,Marsyangdi,1_gtd,https://doed.gov.np/pages/canceled_hydro/ | https://doed.gov.np/pages/powerplantsmorethan1,2026-07-02,1731b84788cdec5bdc0c | 4f91ad09873ca05fcaa9
Marsyangdi Besi,50.0,Generation,Marsyangdi,exact,high,conservative normalized name with spatial/capacity compatibility,generation_license,Generation licence,generation_license,active,generation_license,,,50.0,0.0,Marsyangdi Besi,206,https://doed.gov.np/pages/clhydromorethan1,2026-07-02,7d4fa3eb7ae6f686a8d1
Masina HPP,0.8,Survey,Kotre Khola,exact,high,conservative normalized name with spatial/capacity compatibility,survey_license,Survey licence,survey_license,active,survey_license,,,0.8,0.0,Masina HPP,,https://doed.gov.np/pages/hydrolessthan1,2026-07-02,27f16e767c3b42247c21
Mathillo Langtang HEP,24.35,Survey,Langtang,exact,high,conservative normalized name with spatial/capacity compatibility,survey_license,Survey licence,survey_license,active,survey_license,,,24.35,0.0,Mathillo Langtang HEP,973,https://doed.gov.np/pages/hydromorethan1,2026-07-02,9458ae693a4964e93fdf
Maya Khola Hydropower Project,14.9,Generation,Maya,exact,high,conservative normalized name with spatial/capacity compatibility,operating_record,Operating record,cancelled_survey_application | operating_record,mixed,operating_record,,operating,14.9,0.0,Maya Khola Hydropower Project,123 | 4116,https://doed.gov.np/pages/canceled_hydro/ | https://doed.gov.np/pages/powerplantsmorethan1,2026-07-02,1a47cd28d3b0b2a0a179 | 7de65706012eb83ecd69
Menchet Khola HPP,7.0,Survey,Menchet Khola,exact,high,conservative normalized name with spatial/capacity compatibility,generation_license,Generation licence,cancelled_survey_application | generation_license,mixed,generation_license,,,7.0,0.0,Menchet Khola | Menchet Khola HPP,320,https://doed.gov.np/pages/canceled_hydro/ | https://doed.gov.np/pages/clhydromorethan1,2026-07-02,281fa40598fccc63e2cd | 8fddca64d10d4f05ce67
Mewa Khola Hydropower project,50.0,Generation,Mewa Khola,exact,high,conservative normalized name with spatial/capacity compatibility,operating_record,Operating record,cancelled_survey_application | generation_license | operating_record,mixed,operating_record,,operating,50.0,0.0,Mewa Khola | Mewa Khola Hydropower project | Mewa khola HEP,1070 | 201 | 336,https://doed.gov.np/pages/canceled_hydro/ | https://doed.gov.np/pages/clhydromorethan1 | https://doed.gov.np/pages/powerplantsmorethan1,2026-07-02,5248a13da0c6343684d8 | 7b14f1e08afaaccd4c6a | 995b6a2a685f9637e56f | decc5057f9eb750356f5
Mewa khola HPP,23.0,Survey,Mewa Khola,exact,high,conservative normalized name with spatial/capacity compatibility,operating_record,Operating record,cancelled_survey_application | generation_license | operating_record,mixed,operating_record,,operating,50.0,27.0,Mewa Khola | Mewa Khola Hydropower project | Mewa khola HEP,1070 | 201 | 336,https://doed.gov.np/pages/canceled_hydro/ | https://doed.gov.np/pages/clhydromorethan1 | https://doed.gov.np/pages/powerplantsmorethan1,2026-07-02,5248a13da0c6343684d8 | 7b14f1e08afaaccd4c6a | 995b6a2a685f9637e56f | decc5057f9eb750356f5
Mid Rawa Khola HEP,2.5,Survey,Rawa Khola,exact,high,conservative normalized name with spatial/capacity compatibility,generation_license,Generation licence,generation_license,active,generation_license,,,2.5,0.0,Mid Rawa Khola HEP,315,https://doed.gov.np/pages/clhydromorethan1,2026-07-02,61ece87a88dd5d7a08f5
Mid Solu Khola Hydropower Project,9.5,Survey,Solu Khola,exact,high,conservative normalized name with spatial/capacity compatibility,operating_record,Operating record,operating_record,active,operating_record,,operating,9.5,0.0,Mid Solu Khola HEP,308,https://doed.gov.np/pages/powerplantsmorethan1,2026-07-02,80b2efe16bbb1cdffac0
Middle Budhiganga Hydropower Project,5.0,Survey,Budhi Ganga,exact,high,conservative normalized name with spatial/capacity compatibility,cancelled_survey_license,Survey licence cancelled,cancelled_survey_license,cancelled,survey_license_cancelled,,,5.0,0.0,Middle Budhiganga HEP (SLC),,https://doed.gov.np/pages/slc,2026-07-02,cc20454202c25406f1f3
Middle Chaku Khola,1.8,Operation,Chaku,exact,high,conservative normalized name with spatial/capacity compatibility,operating_record,Operating record,operating_record,active,operating_record,,operating,1.8,0.0,Middle Chaku Khola,44,https://doed.gov.np/pages/powerplantsmorethan1,2026-07-02,07477284632c45087816
Middle Chameliya HPP,13.0,Survey,Chameliya Khola,exact,high,conservative normalized name with spatial/capacity compatibility,generation_license,Generation licence,cancelled_survey_application | generation_license,mixed,generation_license,,,28.304,15.304,Middle Chameliya HEP,470 | 6396,https://doed.gov.np/pages/canceled_hydro/ | https://doed.gov.np/pages/clhydromorethan1,2026-07-02,487df9776c3c13be9826 | b6b19d33859bcd46b8b2
Middle Daram Khola-A HPP,3.0,Generation,Daram,exact,high,conservative normalized name with spatial/capacity compatibility,generation_license,Generation licence,generation_license,active,generation_license,,,3.0,0.0,Middle Daram Khola-A HPP,230,https://doed.gov.np/pages/clhydromorethan1,2026-07-02,dfd089fe30b7e5a19bae
Middle Daram Khola-B HPP,4.5,Generation,Daram,exact,high,conservative normalized name with spatial/capacity compatibility,generation_license,Generation licence,generation_license,active,generation_license,,,4.5,0.0,Middle Daram Khola-B HPP,231,https://doed.gov.np/pages/clhydromorethan1,2026-07-02,bb1bc2e36a86305b92a8
Middle Hongu Khola B HPP,22.9,Survey,Hongu Khola,exact,high,conservative normalized name with spatial/capacity compatibility,generation_license,Generation licence,generation_license,active,generation_license,,,22.9,0.0,Middle Hongu Khola B HEP,361,https://doed.gov.np/pages/clhydromorethan1,2026-07-02,e2bd81bf04454f6457fc
Middle Hongukhola A Hydropower Project,22.0,Survey,Hongu Khola,alias,high,Madhya-Middle translation plus same A unit capacity and midpoint,generation_license,Generation licence,generation_license,active,generation_license,,,22.0,0.0,Madhya Hongu Khola -A HPP,374,https://doed.gov.np/pages/clhydromorethan1,2026-07-02,377131bfce133b00393a
Middle Kaligandaki,53.539,Survey,Kali Gandaki,exact,high,conservative normalized name with spatial/capacity compatibility,generation_license,Generation licence,generation_license,active,generation_license,,,53.539,0.0,Middle Kaligandaki,255,https://doed.gov.np/pages/clhydromorethan1,2026-07-02,91c6c5e0cb83c6903cac
Middle Mailung Hydropower Project,10.0,Survey,Mailung Khola,alias,high,same named scheme and midpoint with capacity revision flag retained,generation_license,Generation licence,generation_license,active,generation_license,,,13.0,3.0,Middle Mailung (cascade) HEP,382,https://doed.gov.np/pages/clhydromorethan1,2026-07-02,76e267ac5d9f24b49e8e
Middle Mewa HPP,49.0,Survey,Mewa Khola,exact,high,conservative normalized name with spatial/capacity compatibility,generation_license,Generation licence,generation_license,active,generation_license,,,73.5,24.5,Middle Mewa HPP,289,https://doed.gov.np/pages/clhydromorethan1,2026-07-02,166061532205e4a0284e
Middle Midim,3.1,Generation,Midim Khola,exact,high,conservative normalized name with spatial/capacity compatibility,generation_license,Generation licence,generation_license,active,generation_license,,,4.8,1.7,Middle Midim,100,https://doed.gov.np/pages/clhydromorethan1,2026-07-02,b381e0b8e0bef6ca7d5b
Middle Modi,15.1,Generation,Modi Khola,exact,high,conservative normalized name with spatial/capacity compatibility,operating_record,Operating record,operating_record,active,operating_record,,operating,18.0,2.9,Middle Modi,93,https://doed.gov.np/pages/powerplantsmorethan1,2026-07-02,613b2895d520a408fe62
Middle Molung Khola Small HEP,4.839,Survey,Molung,exact,high,conservative normalized name with spatial/capacity compatibility,generation_license,Generation licence,generation_license,active,generation_license,,,6.0,1.161,Middle Molung Khola Small HEP,508,https://doed.gov.np/pages/clhydromorethan1,2026-07-02,c5f8374248ee6d7bc523
Middle Sunkoshi,3.4,Generation,Sun Koshi,exact,high,conservative normalized name with spatial/capacity compatibility,cancelled_generation_license,Generation licence cancelled,cancelled_generation_license | cancelled_survey_application,cancelled,generation_license_cancelled,,,3.4,0.0,Middle SunKoshi SHP | Middle Sunkoshi (GLC),4304,https://doed.gov.np/pages/canceled_hydro/ | https://doed.gov.np/pages/glc,2026-07-02,9839d651a785212738ed | e9a81288d42d3089e08d
Middle Tadi HPP,5.5,Survey,Tadi Khola,exact,high,conservative normalized name with spatial/capacity compatibility,generation_license,Generation licence,generation_license,active,generation_license,,,5.5,0.0,Middle Tadi HPP,310,https://doed.gov.np/pages/clhydromorethan1,2026-07-02,175bb6ca0bddd96935b6
Middle Tamor,54.0,Generation,Tamor,exact,high,conservative normalized name with spatial/capacity compatibility,operating_record,Operating record,operating_record,active,operating_record,,operating,73.0,19.0,Middle Tamor,198,https://doed.gov.np/pages/powerplantsmorethan1,2026-07-02,f552d74d97299a582405
Middle Tara Khola SHP,1.7,Generation,Tara Khola,exact,high,conservative normalized name with spatial/capacity compatibility,generation_license,Generation licence,generation_license,active,generation_license,,,1.7,0.0,Middle Tara Khola SHP,190,https://doed.gov.np/pages/clhydromorethan1,2026-07-02,d099ff783d6d47e56b51
Midim 1 HEP,16.0,Survey,Midim Khola,exact,high,conservative normalized name with spatial/capacity compatibility,generation_license,Generation licence,generation_license,active,generation_license,,,13.424,2.576,Midim 1 HEP,323,https://doed.gov.np/pages/clhydromorethan1,2026-07-02,08a1bbc6232b8e591188
Midim Khola,3.0,Operation,Midim Khola,exact,high,conservative normalized name with spatial/capacity compatibility,operating_record,Operating record,cancelled_generation_license | cancelled_survey_application | operating_record,mixed,operating_record,,operating,3.0,0.0,Midim Khola | Midim Khola (GLC) | Midim Khola HEP | Midim Khola HPP | Midim Khola SHP,1867 | 4959 | 5257 | 6074 | 68,https://doed.gov.np/pages/canceled_hydro/ | https://doed.gov.np/pages/glc | https://doed.gov.np/pages/powerplantsmorethan1,2026-07-02,76f1bbb4c33d8a2cd2ab | 8646933796bb268f918e | 95a4ed64429d38a258e8 | d6e37e888a0d502d9fdd | dd1a0a6dda35cb89eb5f | fa81416636e0ab98ca24
Midim Khola Micro Hydro,0.1,Generation,Midim Khola,exact,high,conservative normalized name with spatial/capacity compatibility,generation_license,Generation licence,generation_license,active,generation_license,,,0.1,0.0,Midim Khola Micro Hydro,,https://doed.gov.np/pages/clhydrolessthan1,2026-07-02,c99f2a8fcfae58017bbc
Mistri khola 2 HEP,12.0,Survey,Mistri,exact,high,conservative normalized name with spatial/capacity compatibility,generation_license,Generation licence,generation_license,active,generation_license,,,12.0,0.0,Mistri Khola-2 HEP,399,https://doed.gov.np/pages/clhydromorethan1,2026-07-02,5bb391e98bcc3fa7f95a
Miwaje Khola HEP,4.95,Survey,Miwaje,exact,high,conservative normalized name with spatial/capacity compatibility,generation_license,Generation licence,generation_license,active,generation_license,,,4.95,0.0,Miwaje Khola HEP,415,https://doed.gov.np/pages/clhydromorethan1,2026-07-02,5f5631f6a918698ce08f
Modi Khola,14.8,Operation,Modi Khola,exact,high,conservative normalized name with spatial/capacity compatibility,operating_record,Operating record,cancelled_survey_application | operating_record,mixed,operating_record,,operating,14.8,0.0,Modi Khola | Modi Khola HPP,3 | 5607,https://doed.gov.np/pages/canceled_hydro/ | https://doed.gov.np/pages/powerplantsmorethan1,2026-07-02,1943dd9548ea19aa4e8e | e46796d58b980ad3b969
Molun Khola SHP,7.0,Operation,Molun,exact,high,conservative normalized name with spatial/capacity compatibility,operating_record,Operating record,operating_record,active,operating_record,,operating,7.0,0.0,Molun Khola SHP,127,https://doed.gov.np/pages/powerplantsmorethan1,2026-07-02,db4963c6bac0c204fe1d
Molung Cascade HEP,3.5,Survey,Molung,exact,high,conservative normalized name with spatial/capacity compatibility,cancelled_survey_license,Survey licence cancelled,cancelled_survey_license,cancelled,survey_license_cancelled,,,3.5,0.0,Molung Cascade HEP (SLC),,https://doed.gov.np/pages/slc,2026-07-02,292bd16bae64e80d0981
Mristi Khola,42.0,Generation,Mristi,exact,high,conservative normalized name with spatial/capacity compatibility,operating_record,Operating record,operating_record,active,operating_record,,operating,42.0,0.0,Mristi Khola,53,https://doed.gov.np/pages/powerplantsmorethan1,2026-07-02,b231ad14f49199420091
Mudi Khola Hydropower Project,14.7,Survey,Mudi Khola,exact,high,conservative normalized name with spatial/capacity compatibility,generation_license,Generation licence,cancelled_survey_application | generation_license,mixed,generation_license,,,14.7,0.0,Mudi Khola | Mudi Khola Hydropower Project,318 | 712,https://doed.gov.np/pages/canceled_hydro/ | https://doed.gov.np/pages/clhydromorethan1,2026-07-02,a690ae09c1c178a22b84 | b7bdb2e16de44dd3f96c | b8c9de747c55f4d34b36
Mugu Karnali HPP,159.62,Survey,Mugu Karnali,exact,high,conservative normalized name with spatial/capacity compatibility,generation_application,Generation-licence application,cancelled_survey_application | generation_application | gon_under_study,mixed,generation_application,,,159.62,0.0,Mugu Karnali HEP,2854.0 | 7764,https://doed.gov.np/pages/appclhydro | https://doed.gov.np/pages/canceled_hydro/ | https://doed.gov.np/pages/gonunderstudy,2026-07-02,1a949625227b077823a9 | dcc75ce59223db0f5467 | fb83bffa4db47b5efd56
Mugu Karnali Storage HEP,1902.0,Survey,Karnali,exact,high,conservative normalized name with spatial/capacity compatibility,generation_application,Generation-licence application,generation_application,active,generation_application,,,1902.0,0.0,Mugu Karnali Storage HEP,9771.0,https://doed.gov.np/pages/appclhydro,2026-07-02,0527adde8e598fff38c2
Myagdi Khola A HEP,23.7,Survey,Myagdi,exact,high,conservative normalized name with spatial/capacity compatibility,generation_license,Generation licence,generation_license,active,generation_license,,,30.0,6.3,Myagdi Khola A HEP,502,https://doed.gov.np/pages/clhydromorethan1,2026-07-02,c0199da92b63e3405e5a
Myagdi Khola Hydropower Project,57.3,Survey,Myagdi Khola,exact,high,conservative normalized name with spatial/capacity compatibility,generation_license,Generation licence,cancelled_survey_application | generation_license,mixed,generation_license,,,57.3,0.0,Myagdi Khola HPP | Myagdi Khola Hydropower Project,326 | 3768 | 6613,https://doed.gov.np/pages/canceled_hydro/ | https://doed.gov.np/pages/clhydromorethan1,2026-07-02,4664bfb81d50e887d848 | e673c998eef5e014f7a7 | ea80b5b623c2d2aaf257
Myagdi Khola- B HEP,9.5,Survey,Myagdi Khola,alias,high,spelling variant plus same B unit and midpoint,generation_license,Generation licence,generation_license,active,generation_license,,,12.5,3.0,Maygdi Khola- B HEP,489,https://doed.gov.np/pages/clhydromorethan1,2026-07-02,2f768463278565689b78
NImrung Khola HEP,9.8,Survey,Nimrung,exact,high,conservative normalized name with spatial/capacity compatibility,generation_application,Generation-licence application,cancelled_survey_application | generation_application,mixed,generation_application,,,9.8,0.0,Nimrung Khola HEP | Nimrung Khola HPP | Nimrung khola HPP,2388.0 | 3336 | 4087,https://doed.gov.np/pages/appclhydro | https://doed.gov.np/pages/canceled_hydro/,2026-07-02,540c051b2e4e4d2d25f6 | 9895f9a2ad4408c197b9 | e09f7c3d2315cecb5f61
Nalsyau Gad Storage HEP,410.0,Survey,Nalsyau,exact,high,conservative normalized name with spatial/capacity compatibility,generation_application,Generation-licence application,generation_application,active,generation_application,,,417.0,7.0,Nalsyau Gad Storage HEP,3176.0,https://doed.gov.np/pages/appclhydro,2026-07-02,70724369146e06fe5582
Namarjun Madi,12.0,Generation,Madi Khola,exact,high,conservative normalized name with spatial/capacity compatibility,operating_record,Operating record,operating_record,active,operating_record,,operating,12.0,0.0,Namarjun Madi,78,https://doed.gov.np/pages/powerplantsmorethan1,2026-07-02,66ed89280c8ad3860e20
Namche Khola Mini HPP,0.183,Survey,Namche Khola,exact,high,conservative normalized name with spatial/capacity compatibility,survey_license,Survey licence,survey_license,active,survey_license,,,0.183,0.0,Namche Khola Mini HPP,,https://doed.gov.np/pages/hydrolessthan1,2026-07-02,e1d944896b20d9a5d8aa
Nar Khola Hydro-Electric Project,50.0,Survey,Nar Khola,exact,high,conservative normalized name with spatial/capacity compatibility,generation_license,Generation licence,cancelled_survey_application | generation_license,mixed,generation_license,,,58.9,8.9,Nar Khola | Nar Khola HEP | Nar Khola HPP | Nar Khola Hydropower Project,1615 | 2859 | 2891 | 472,https://doed.gov.np/pages/canceled_hydro/ | https://doed.gov.np/pages/clhydromorethan1,2026-07-02,47b84e1dc38af36789e4 | afbc28cb69743bc3b857 | b88c89422341eb5fe36a | ec05a20168988ecbbb5d
Nau Gad Khola,8.5,Operation,Naugad,exact,high,conservative normalized name with spatial/capacity compatibility,operating_record,Operating record,operating_record,active,operating_record,,operating,8.5,0.0,Nau Gad Khola,65,https://doed.gov.np/pages/powerplantsmorethan1,2026-07-02,56342125670cc4c28d49
Naugad HPP,9.5,Survey,Naugad,exact,high,conservative normalized name with spatial/capacity compatibility,cancelled_survey_license,Survey licence cancelled,cancelled_survey_license,cancelled,survey_license_cancelled,,,9.5,0.0,Naugad HEP (SLC),,https://doed.gov.np/pages/slc,2026-07-02,fe385067b9fa8018f99a
Nilgiri Khola,38.0,Generation,Nilgiri,exact,high,conservative normalized name with spatial/capacity compatibility,operating_record,Operating record,cancelled_survey_application | operating_record,mixed,operating_record,,operating,38.0,0.0,Nilgiri Khola,202 | 2633,https://doed.gov.np/pages/canceled_hydro/ | https://doed.gov.np/pages/powerplantsmorethan1,2026-07-02,0fd85f13f50d4fd27fc0 | c4fbb81ee6fd114a4bc9
Nisi Khola HEP,8.8,Survey,Nisi,exact,high,conservative normalized name with spatial/capacity compatibility,survey_license,Survey licence,generation_application | survey_license,active,survey_license,,,7.81,0.99,Nisi Khola HEP | Nisi Khola Hydropower Project,1441 | 4611.0,https://doed.gov.np/pages/appclhydro | https://doed.gov.np/pages/hydromorethan1,2026-07-02,a59c5b8c0a3890b5dceb | f53aeb052fa41b899348
Nupche Likhu HEP,57.5,Survey,"Nupche , Likhu",exact,high,conservative normalized name with spatial/capacity compatibility,generation_license,Generation licence,cancelled_survey_application | generation_license,mixed,generation_license,,,57.5,0.0,Nupche Likhu | Nupche Likhu HEP | Nupche Likhu HPP,1425 | 290 | 4945,https://doed.gov.np/pages/canceled_hydro/ | https://doed.gov.np/pages/clhydromorethan1,2026-07-02,477b385023c4ba2cce73 | 6ab305372206e8877e9e | f431d1b5f41db46ddeea
Nwa Gad,1.0,Generation,Nwa Gad,exact,high,conservative normalized name with spatial/capacity compatibility,cancelled_survey_application,Survey application cancelled,cancelled_survey_application,cancelled,survey_application_cancelled,,,2.75,1.75,Nwa Gad SHP,1006,https://doed.gov.np/pages/canceled_hydro/,2026-07-02,c081aaa27651de5f766e
Nyache Khola Hydropower Project,8.76,Survey,Nyache Khola,exact,high,conservative normalized name with spatial/capacity compatibility,cancelled_survey_license,Survey licence cancelled,cancelled_survey_license,cancelled,survey_license_cancelled,,,9.33,0.57,Nyache Khola HEP (SLC),,https://doed.gov.np/pages/slc,2026-07-02,15abda4a4e80a7ed5408
Nyadi Khola,30.0,Generation,Nyadi,exact,high,conservative normalized name with spatial/capacity compatibility,operating_record,Operating record,cancelled_survey_application | operating_record,mixed,operating_record,,operating,30.0,0.0,Nyadi Khola | Nyadi Khola SHP,5211 | 83,https://doed.gov.np/pages/canceled_hydro/ | https://doed.gov.np/pages/powerplantsmorethan1,2026-07-02,64dce21595136b40deac | fcc83cf5bf661dac7467
Nyam Nyam,6.0,Generation,Nyam Nyam Khola,exact,high,conservative normalized name with spatial/capacity compatibility,cancelled_generation_license,Generation licence cancelled,cancelled_generation_license,cancelled,generation_license_cancelled,,,6.0,0.0,Nyam Nyam (GLC),,https://doed.gov.np/pages/glc,2026-07-02,c858cabfb5e577270484
Nyasim Hydropower Project,35.0,Survey,Nyasem Khola,exact,high,conservative normalized name with spatial/capacity compatibility,generation_license,Generation licence,cancelled_survey_application | generation_license,mixed,generation_license,,,35.0,0.0,Nyasim HEP | Nyasim Hydropower Project,328 | 4346,https://doed.gov.np/pages/canceled_hydro/ | https://doed.gov.np/pages/clhydromorethan1,2026-07-02,9adfafbca475310dff3a | af24cacd463bf1fbf776
Padam Khola SHP,4.8,Generation,Padam Khola,exact,high,conservative normalized name with spatial/capacity compatibility,operating_record,Operating record,cancelled_survey_application | operating_record,mixed,operating_record,,operating,4.8,0.0,Padam Khola | Padam Khola SHP,207,https://doed.gov.np/pages/canceled_hydro/ | https://doed.gov.np/pages/powerplantsmorethan1,2026-07-02,50850548276cb504e403 | b83073c4c9482843b241
Palun khola 1 Hydropower Project,4.95,Survey,Palun Khola,exact,high,conservative normalized name with spatial/capacity compatibility,generation_license,Generation licence,generation_license,active,generation_license,,,30.0,25.05,Palun khola 1 HEP,459,https://doed.gov.np/pages/clhydromorethan1,2026-07-02,9af2e23e6b78349f9145
Palun khola small Hydropower Project,21.0,Survey,Palun Khola,exact,high,conservative normalized name with spatial/capacity compatibility,generation_license,Generation licence,generation_license,active,generation_license,,,21.0,0.0,Palun Khola Small HEP,386,https://doed.gov.np/pages/clhydromorethan1,2026-07-02,9fca979ff800660f0e70
Panauti,2.4,Operation,Roshi,exact,high,conservative normalized name with spatial/capacity compatibility,operating_record,Operating record,operating_record,active,operating_record,,operating,2.4,0.0,Panauti,1_gtd,https://doed.gov.np/pages/powerplantsmorethan1,2026-07-02,6c767d7fd507a09d8109
Parajuli Khola-1,2.15,Generation,Parajuli Khola,alias,high,same capacity and midpoint with equivalent single-scheme numbering,generation_license,Generation licence,generation_license,active,generation_license,,,2.15,0.0,Upper Parajuli Khola,102,https://doed.gov.np/pages/clhydromorethan1,2026-07-02,dcdf87b84911b3beef8e
Pegu Khola Small Hydropower Project,4.35,Survey,Pegu,exact,high,conservative normalized name with spatial/capacity compatibility,generation_license,Generation licence,cancelled_survey_application | generation_license,mixed,generation_license,,,4.35,0.0,Pegu Khola Small Hydropower Project,311 | 3184,https://doed.gov.np/pages/canceled_hydro/ | https://doed.gov.np/pages/clhydromorethan1,2026-07-02,04fa6cbb44496a39aa3c | 6ae9930341f095015676
Phalakhu Khola HPP,14.7,Generation,Phalankhu Khola,exact,high,conservative normalized name with spatial/capacity compatibility,generation_license,Generation licence,cancelled_survey_application | generation_license,mixed,generation_license,,,7.29,7.41,Phalakhu Khola HPP | Phalakhu Khola SHP,1050 | 161 | 162 | 1622,https://doed.gov.np/pages/canceled_hydro/ | https://doed.gov.np/pages/clhydromorethan1,2026-07-02,2883e7c710233d193a78 | 2f0e064fd62cd4c4c8e8 | 3663528ab10ca8b19ff2 | e2eebd6d441110b2b76f
Phalakhu Khola HPP,5.0,Generation,Phalankhu Khola,exact,high,conservative normalized name with spatial/capacity compatibility,generation_license,Generation licence,cancelled_survey_application | generation_license,mixed,generation_license,,,7.29,2.29,Phalakhu Khola HPP | Phalakhu Khola SHP,1050 | 161 | 162 | 1622,https://doed.gov.np/pages/canceled_hydro/ | https://doed.gov.np/pages/clhydromorethan1,2026-07-02,2883e7c710233d193a78 | 2f0e064fd62cd4c4c8e8 | 3663528ab10ca8b19ff2 | e2eebd6d441110b2b76f
Phawa khola Hydropower Project,5.0,Operation,Phawa Khola,exact,high,conservative normalized name with spatial/capacity compatibility,operating_record,Operating record,cancelled_survey_application | operating_record,mixed,operating_record,,operating,5.0,0.0,Phawa Khola | Phawa Khola SHP | Phawa khola Hydropower Project,39 | 492 | 6626,https://doed.gov.np/pages/canceled_hydro/ | https://doed.gov.np/pages/powerplantsmorethan1,2026-07-02,466293c27f9cb07f4ec8 | 65b997269b60bb05aee3 | 9fc568575462a04e8363
Phedi Khola (Thumlung) Small HPP,3.52,Survey,Phedi khola (Thumlung),exact,high,conservative normalized name with spatial/capacity compatibility,generation_license,Generation licence,generation_license,active,generation_license,,,4.3,0.78,Phedi Khola (Thumlung) Small HPP,293,https://doed.gov.np/pages/clhydromorethan1,2026-07-02,a4a84f735b2316b1fc02
Phewa,1.0,Operation,Seti Khola,exact,high,conservative normalized name with spatial/capacity compatibility,operating_record,Operating record,operating_record,active,operating_record,,operating,1.0,0.0,Phewa,1_gtd,https://doed.gov.np/pages/powerplantslessthan1,2026-07-02,3beb7e518d998ed3463b
Phukot Karnali,426.0,Survey,Karnali,exact,high,conservative normalized name with spatial/capacity compatibility,generation_application,Generation-licence application,generation_application,active,generation_application,,,480.0,54.0,Phukot Karnali HEP,8409.0,https://doed.gov.np/pages/appclhydro,2026-07-02,d5ed6bd2ddff4ba449ef
Pikhuwa Khola,5.0,Generation,Pikhuwa,exact,high,conservative normalized name with spatial/capacity compatibility,operating_record,Operating record,cancelled_survey_application | operating_record,mixed,operating_record,,operating,5.0,0.0,Pikhuwa Khola | Pikhuwa Khola HPP,3356 | 3366 | 4417 | 45,https://doed.gov.np/pages/canceled_hydro/ | https://doed.gov.np/pages/powerplantsmorethan1,2026-07-02,1607790d55a01482e8c3 | 2acc9d3a8f37023c4f97 | 302e8c481e08cb7d9b18 | b315dfb2e67f3fbbcf02 | e1e04de5f1b628faeaf0 | fba1247c6edf49d9c14b
Pikhuwa Pashupati HEP,3.28,Survey,Pikhuwa,exact,high,conservative normalized name with spatial/capacity compatibility,generation_license,Generation licence,generation_license,active,generation_license,,,4.1,0.82,Pikhuwa Pashupati HEP,423,https://doed.gov.np/pages/clhydromorethan1,2026-07-02,71916e2900e84c03cbf9
Piluwa Khola,3.0,Operation,Piluwa Khola,exact,high,conservative normalized name with spatial/capacity compatibility,operating_record,Operating record,cancelled_survey_application | operating_record,mixed,operating_record,,operating,3.0,0.0,Piluwa Khola | Piluwa Khola HPP,896 | 9,https://doed.gov.np/pages/canceled_hydro/ | https://doed.gov.np/pages/powerplantsmorethan1,2026-07-02,7e2ba9853e93b7cc69f9 | 86e835d8296b8e573c55
Puwa,6.2,Operation,Puwa,exact,high,conservative normalized name with spatial/capacity compatibility,operating_record,Operating record,operating_record,active,operating_record,,operating,6.2,0.0,Puwa,2,https://doed.gov.np/pages/powerplantsmorethan1,2026-07-02,463c45abff3209b78c31
Puwa Khola-1,4.0,Operation,Puwa,exact,high,conservative normalized name with spatial/capacity compatibility,operating_record,Operating record,operating_record,active,operating_record,,operating,4.0,0.0,Puwa Khola-1,106,https://doed.gov.np/pages/powerplantsmorethan1,2026-07-02,3f5f51682d9eb63feda3
Radhi Small,4.4,Operation,Radhi,exact,high,conservative normalized name with spatial/capacity compatibility,operating_record,Operating record,operating_record,active,operating_record,,operating,4.4,0.0,Radhi Small,47,https://doed.gov.np/pages/powerplantsmorethan1,2026-07-02,3cdd11a17b56e394e884
Rahughat,40.0,Generation,Rahughat,exact,high,conservative normalized name with spatial/capacity compatibility,generation_license,Generation licence,cancelled_survey_application | generation_license,mixed,generation_license,,,40.0,0.0,Rahughat | Rahughat HPP,3640 | 49,https://doed.gov.np/pages/canceled_hydro/ | https://doed.gov.np/pages/clhydromorethan1,2026-07-02,249b0b047fdb60f96b29 | 9c9acd8f173ece027a30
Rahughat Mangale,37.0,Generation,Rahughat,exact,high,conservative normalized name with spatial/capacity compatibility,operating_record,Operating record,operating_record,active,operating_record,,operating,37.0,0.0,Rahughat Mangale,175,https://doed.gov.np/pages/powerplantsmorethan1,2026-07-02,2dc01d8a0fc01919d336
Rasuwa Bhotekoshi,120.0,Generation,Bhote koshi,exact,high,conservative normalized name with spatial/capacity compatibility,generation_license,Generation licence,generation_license,active,generation_license,,,120.0,0.0,Rasuwa Bhotekoshi,223,https://doed.gov.np/pages/clhydromorethan1,2026-07-02,d61360ed16f0effbc59c
Rasuwagadhi,111.0,Generation,Bhote koshi,exact,high,conservative normalized name with spatial/capacity compatibility,operating_record,Operating record,operating_record,active,operating_record,,operating,111.0,0.0,Rasuwagadhi,75,https://doed.gov.np/pages/powerplantsmorethan1,2026-07-02,a6b4386e59a964f64756
Rauje Khola HPP,4.99,Survey,Rauje Khola,exact,high,conservative normalized name with spatial/capacity compatibility,generation_license,Generation licence,cancelled_survey_application | generation_license | survey_license,mixed,generation_license,,,18.6,13.61,Rauje Khola | Rauje Khola HPP | Rauje Khola Hydropower Project,1427 | 302 | 986,https://doed.gov.np/pages/canceled_hydro/ | https://doed.gov.np/pages/clhydromorethan1 | https://doed.gov.np/pages/hydromorethan1,2026-07-02,224325554d6354e4a400 | 3908f0dee05706f8a404 | 838e336181ff77a90d9d
Rawa Khola,3.0,Generation,Rawa Khola,exact,high,conservative normalized name with spatial/capacity compatibility,operating_record,Operating record,cancelled_survey_application | generation_license | operating_record,mixed,operating_record,,operating,3.0,0.0,Rawa Khola | Rawa Khola HEP | Rawa Khola HPP | Rawa Khola SHP,112 | 186 | 448 | 6051,https://doed.gov.np/pages/canceled_hydro/ | https://doed.gov.np/pages/clhydromorethan1 | https://doed.gov.np/pages/powerplantsmorethan1,2026-07-02,2b7ce64e197470e6d95f | 50f49367d5620630b972 | 73bbed207b166f1c4db0 | d217c57f47dd44cb4f6d | e24a761f2da26cbb7b6d
Rawa Khola HEP,3.5,Survey,Rawa,exact,high,conservative normalized name with spatial/capacity compatibility,operating_record,Operating record,cancelled_survey_application | generation_license | operating_record,mixed,operating_record,,operating,3.0,0.5,Rawa Khola | Rawa Khola HEP | Rawa Khola HPP | Rawa Khola SHP,112 | 186 | 448 | 6051,https://doed.gov.np/pages/canceled_hydro/ | https://doed.gov.np/pages/clhydromorethan1 | https://doed.gov.np/pages/powerplantsmorethan1,2026-07-02,2b7ce64e197470e6d95f | 50f49367d5620630b972 | 73bbed207b166f1c4db0 | d217c57f47dd44cb4f6d | e24a761f2da26cbb7b6d
Rawa Khola HPP,6.5,Generation,Rawa Khola,exact,high,conservative normalized name with spatial/capacity compatibility,operating_record,Operating record,cancelled_survey_application | generation_license | operating_record,mixed,operating_record,,operating,3.0,3.5,Rawa Khola | Rawa Khola HEP | Rawa Khola HPP | Rawa Khola SHP,112 | 186 | 448 | 6051,https://doed.gov.np/pages/canceled_hydro/ | https://doed.gov.np/pages/clhydromorethan1 | https://doed.gov.np/pages/powerplantsmorethan1,2026-07-02,2b7ce64e197470e6d95f | 50f49367d5620630b972 | 73bbed207b166f1c4db0 | d217c57f47dd44cb4f6d | e24a761f2da26cbb7b6d
Rele Khola,6.0,Generation,Rele Khola,exact,high,conservative normalized name with spatial/capacity compatibility,operating_record,Operating record,operating_record,active,operating_record,,operating,6.0,0.0,Rele Khola,221,https://doed.gov.np/pages/powerplantsmorethan1,2026-07-02,d95a6c32d4c50fe38eff
Ribal Khola SHP,0.998,Survey,Ribal,unmatched,,,,,,,,,,,,,,,,
Richet Khola SHP,5.0,Generation,Richet,exact,high,conservative normalized name with spatial/capacity compatibility,operating_record,Operating record,operating_record,active,operating_record,,operating,5.0,0.0,Richet Khola SHP,214,https://doed.gov.np/pages/powerplantsmorethan1,2026-07-02,0e6342d9689285eb53bf
Ridi Khola,2.4,Operation,Ridi,exact,high,conservative normalized name with spatial/capacity compatibility,operating_record,Operating record,operating_record,active,operating_record,,operating,2.4,0.0,Ridi Khola,22,https://doed.gov.np/pages/powerplantsmorethan1,2026-07-02,286684ceb7ae7e4f52b2
Rigdi Khola Hydro Project,3.7,Survey,Rigdi,unmatched,,,,,,,,,,,,,,,,
Rolwaling Khola,22.0,Survey,Rolwaling,exact,high,conservative normalized name with spatial/capacity compatibility,generation_license,Generation licence,cancelled_survey_application | generation_license,mixed,generation_license,,,22.0,0.0,Rolwaling Khola HEP | Rolwaling Khola HPP | Rolwaling khola,1825 | 2347 | 302 | 396 | 516,https://doed.gov.np/pages/canceled_hydro/ | https://doed.gov.np/pages/clhydromorethan1,2026-07-02,2f7b2beae1c727daa86a | a3a7046f740a45b01f03 | b3422242f16e2908f9c0 | bcac4e0662cf69d30372 | ef7f120e20f558e17b8b | fe3bd57e39a04fd94ae3
Rolwaling Khola HPP,88.0,Survey,Rolwaling,exact,high,conservative normalized name with spatial/capacity compatibility,generation_license,Generation licence,cancelled_survey_application | generation_license,mixed,generation_license,,,22.0,66.0,Rolwaling Khola HEP | Rolwaling Khola HPP | Rolwaling khola,1825 | 2347 | 302 | 396 | 516,https://doed.gov.np/pages/canceled_hydro/ | https://doed.gov.np/pages/clhydromorethan1,2026-07-02,2f7b2beae1c727daa86a | a3a7046f740a45b01f03 | b3422242f16e2908f9c0 | bcac4e0662cf69d30372 | ef7f120e20f558e17b8b | fe3bd57e39a04fd94ae3
Rudi A,8.8,Generation,Rudi Khola,exact,high,conservative normalized name with spatial/capacity compatibility,operating_record,Operating record,operating_record,active,operating_record,,operating,8.8,0.0,Rudi A,109,https://doed.gov.np/pages/powerplantsmorethan1,2026-07-02,6575acd7635e8b38627d
Rudi Khola-B Hydropower Project,6.6,Generation,Rudi Khola,exact,high,conservative normalized name with spatial/capacity compatibility,operating_record,Operating record,operating_record,active,operating_record,,operating,6.6,0.0,Rudi Khola-B Hydropower Project,199,https://doed.gov.np/pages/powerplantsmorethan1,2026-07-02,4742f3f2aece9dcaa963
Rugrugad Small HEP,4.91,Survey,Rugru gad,exact,high,conservative normalized name with spatial/capacity compatibility,cancelled_survey_license,Survey licence cancelled,cancelled_survey_license,cancelled,survey_license_cancelled,,,4.91,0.0,Rugrugad Small HEP (SLC),,https://doed.gov.np/pages/slc,2026-07-02,bf307d98097f66cc27bb
Rukum gad,5.0,Generation,Rukum Gad,exact,high,conservative normalized name with spatial/capacity compatibility,operating_record,Operating record,cancelled_survey_application | operating_record,mixed,operating_record,,operating,5.0,0.0,Rukum Gad | Rukum gad,136 | 3490,https://doed.gov.np/pages/canceled_hydro/ | https://doed.gov.np/pages/powerplantsmorethan1,2026-07-02,3469a0952e412a1b3f9f | d958931a3e63fa9ad239
Rupse Khola,4.0,Generation,Rupse Khola,exact,high,conservative normalized name with spatial/capacity compatibility,generation_license,Generation licence,generation_license,active,generation_license,,,4.0,0.0,Rupse Khola,120,https://doed.gov.np/pages/clhydromorethan1,2026-07-02,4ba0087c48b3ba1cd04a
Ruru Banchu - 1,16.0,Generation,Rurubanchu Khola,exact,high,conservative normalized name with spatial/capacity compatibility,generation_license,Generation licence,generation_license,active,generation_license,,,16.0,0.0,Ruru Banchu - 1,147,https://doed.gov.np/pages/clhydromorethan1,2026-07-02,c0c2663b84018fbae0b2
Ruru Banchu Khola- 2,12.0,Generation,Rurubanchu Khola,exact,high,conservative normalized name with spatial/capacity compatibility,generation_license,Generation licence,generation_license,active,generation_license,,,12.0,0.0,Ruru Banchu Khola- 2,178,https://doed.gov.np/pages/clhydromorethan1,2026-07-02,b711de3f8d055a188617
Sabha Khola,3.3,Operation,Sabha Khola,exact,high,conservative normalized name with spatial/capacity compatibility,operating_record,Operating record,cancelled_survey_application | operating_record,mixed,operating_record,,operating,3.3,0.0,Sabha Khola | Sabha Khola HPP,2057 | 3500 | 4133 | 81,https://doed.gov.np/pages/canceled_hydro/ | https://doed.gov.np/pages/powerplantsmorethan1,2026-07-02,4d974959cbbfe99ef96b | 56bca08d8e4459351b2b | 648b83ff6618f1f3fd39 | b7cfd153aca666482320 | ce2084f166f26c2075fe
Sabha Khola A,8.3,Generation,Sabha Khola,exact,high,conservative normalized name with spatial/capacity compatibility,generation_license,Generation licence,generation_license,active,generation_license,,,10.4,2.1,Sabha Khola A,128,https://doed.gov.np/pages/clhydromorethan1,2026-07-02,8b8923390a3a8602fe6b
Sabha Khola A HEP,9.55,Survey,Sabha,alias,high,same A unit plus identical 9.55 MW capacity and exact licence-envelope midpoint; promoter spelling variant,generation_license,Generation licence,cancelled_survey_application | generation_license,mixed,generation_license,,,9.55,0.0,Super Sabha Khola A HEP | Super Sabha Khola A HPP,492 | 6184,https://doed.gov.np/pages/canceled_hydro/ | https://doed.gov.np/pages/clhydromorethan1,2026-07-02,61c7fe928e3b6fa17836 | f082ed7c3b6418ab57ef
Sabha Khola C HPP,4.2,Survey,Sabha Khola,alias,high,same C unit and near-identical midpoint plus promoter spelling variant; capacity revision retained,generation_license,Generation licence,generation_license,active,generation_license,,,9.9,5.7,Sabha Khola C HEP (Cascade),419,https://doed.gov.np/pages/clhydromorethan1,2026-07-02,24723da3a89cf6cc707e
Sabha Khola-B HPP,15.1,Generation,Sabha Khola,exact,high,conservative normalized name with spatial/capacity compatibility,generation_license,Generation licence,generation_license,active,generation_license,,,15.1,0.0,Sabha Khola-B HPP,187,https://doed.gov.np/pages/clhydromorethan1,2026-07-02,1916844a37e35790829c
Sadhu Khola HEP,8.3,Survey,Sadhu Khola,exact,high,conservative normalized name with spatial/capacity compatibility,survey_application,Survey-licence application,cancelled_survey_application | cancelled_survey_license | survey_application,mixed,survey_application,,,8.3,0.0,Sadhu Khola (SLC) | Sadhu Khola Hydroelectric Project | Sadhu Khola Hydropower Project,10616 | 1595 | 9384,https://doed.gov.np/pages/appslhydromorethan1 | https://doed.gov.np/pages/canceled_hydro/ | https://doed.gov.np/pages/slc,2026-07-02,1b17bf2a6ed79a74d783 | 73489a6a544c57b6b0ad | bc63defb002ae279e2de | eb288580a28b93e60ea4
Sagu Khola HEP,20.0,Survey,Sangu Khola,exact,high,conservative normalized name with spatial/capacity compatibility,operating_record,Operating record,cancelled_survey_application | operating_record,mixed,operating_record,,operating,20.0,0.0,Sagu Khola HEP | Sagu Khola Hydropower Project,278 | 3473 | 3819 | 4166,https://doed.gov.np/pages/canceled_hydro/ | https://doed.gov.np/pages/powerplantsmorethan1,2026-07-02,65a900611cfa7e009573 | 69d1f5ca3a608b2eb854 | 81a8adc6ece823c60638 | bc589d245971968dac09
Sagu khola 1 HPP,5.5,Survey,Sagu,exact,high,conservative normalized name with spatial/capacity compatibility,operating_record,Operating record,operating_record,active,operating_record,,operating,5.5,0.0,Sagu khola 1 HPP,292,https://doed.gov.np/pages/powerplantsmorethan1,2026-07-02,d5f99b71ea134d824258
Saiti Khola Small,0.999,Generation,Saiti,exact,high,conservative normalized name with spatial/capacity compatibility,generation_license,Generation licence,generation_license,active,generation_license,,,0.999,0.0,Saiti Khola Small,,https://doed.gov.np/pages/clhydrolessthan1,2026-07-02,c387c87397a96773eddc
Salankhu Khola,2.5,Generation,Salankhu,exact,high,conservative normalized name with spatial/capacity compatibility,generation_license,Generation licence,generation_license,active,generation_license,,,2.5,0.0,Salankhu Khola,107,https://doed.gov.np/pages/clhydromorethan1,2026-07-02,bd9bfa53794461c91c85
Salleri Chialsa,0.6,Generation,Solu Khola,exact,high,conservative normalized name with spatial/capacity compatibility,generation_license,Generation licence,generation_license | survey_license,active,generation_license,,,0.6,0.0,Salleri Chialsa | Salleri Chialsa Hydropower Project,1297,https://doed.gov.np/pages/clhydrolessthan1 | https://doed.gov.np/pages/hydromorethan1,2026-07-02,ff31636c9ae864dfd62d | ff54b13b9ecbd73f2caf
Sangu Khola HPP,5.0,Survey,Sangu Khola,exact,high,conservative normalized name with spatial/capacity compatibility,generation_license,Generation licence,cancelled_survey_application | generation_license,mixed,generation_license,,,5.0,0.0,Sangu Khola | Sangu Khola HPP,286,https://doed.gov.np/pages/canceled_hydro/ | https://doed.gov.np/pages/clhydromorethan1,2026-07-02,10ec3579c4635762b550 | fa40795f37d704a0ec41
Sani Bheri 3 HEP,49.59,Survey,Sani Bheri,exact,high,conservative normalized name with spatial/capacity compatibility,generation_license,Generation licence,generation_license,active,generation_license,,,46.72,2.87,Sani Bheri 3 HEP,469,https://doed.gov.np/pages/clhydromorethan1,2026-07-02,86888148cad84cb1cbe5
Sani Bheri HPP,44.52,Survey,Sani Bheri,exact,high,conservative normalized name with spatial/capacity compatibility,generation_license,Generation licence,cancelled_survey_application | generation_license,mixed,generation_license,,,44.52,0.0,Sani Bheri | Sani Bheri HEP | Sani Bheri HPP,1574 | 2384 | 389 | 4717,https://doed.gov.np/pages/canceled_hydro/ | https://doed.gov.np/pages/clhydromorethan1,2026-07-02,01c9fce86138cb1fce23 | 145691fdf0d322364925 | 3a035a3e47e3e8d3b60f | d9d38bdfc4aff4526ee3
Sani Bheri-2 HEP,23.31,Survey,Sani Bheri,exact,high,conservative normalized name with spatial/capacity compatibility,cancelled_survey_application,Survey application cancelled,cancelled_survey_application,cancelled,survey_application_cancelled,,,23.37,0.06,Sani Bheri - 2 Hydropower Project,1814,https://doed.gov.np/pages/canceled_hydro/,2026-07-02,2f1e5a7b79ae94dcc882
Sanigad,10.7,Generation,Sani Gad,exact,high,conservative normalized name with spatial/capacity compatibility,operating_record,Operating record,cancelled_survey_application | operating_record,mixed,operating_record,,operating,10.7,0.0,Sanigad,153 | 1815,https://doed.gov.np/pages/canceled_hydro/ | https://doed.gov.np/pages/powerplantsmorethan1,2026-07-02,89edeb08cee343c51fe6 | c4a21ce70a2e08bebefc
Sanjen,42.5,Generation,Sanjen,exact,high,conservative normalized name with spatial/capacity compatibility,operating_record,Operating record,operating_record,active,operating_record,,operating,42.5,0.0,Sanjen,55,https://doed.gov.np/pages/powerplantsmorethan1,2026-07-02,d598994137a5b5f9f35a
Sanjen Khola,78.0,Generation,Sanjen,exact,high,conservative normalized name with spatial/capacity compatibility,operating_record,Operating record,cancelled_survey_application | operating_record,mixed,operating_record,,operating,78.0,0.0,Sanjen Khola | Sanjen Khola HPP,160 | 4991,https://doed.gov.np/pages/canceled_hydro/ | https://doed.gov.np/pages/powerplantsmorethan1,2026-07-02,51bede3efe0e04f25e1e | f0e7a305dc4975678218
Sano Milti Khola SHP,3.0,Generation,Milti,exact,high,conservative normalized name with spatial/capacity compatibility,generation_license,Generation licence,generation_license,active,generation_license,,,3.0,0.0,Sano Milti Khola SHP,173,https://doed.gov.np/pages/clhydromorethan1,2026-07-02,e7a2f87201afaa127981
Sapsup Khola Small Hydro Electric Project,7.151,Generation,Sapsup Khola,exact,high,conservative normalized name with spatial/capacity compatibility,operating_record,Operating record,operating_record,active,operating_record,,operating,7.151,0.0,Sapsup Khola Small Hydro Electric Project,211,https://doed.gov.np/pages/powerplantsmorethan1,2026-07-02,2b42bdf4cec1d5c2a86c
Saptang Khola HPP,2.5,Generation,Saptang,exact,high,conservative normalized name with spatial/capacity compatibility,generation_license,Generation licence,generation_license,active,generation_license,,,2.5,0.0,Saptang Khola HPP,215,https://doed.gov.np/pages/clhydromorethan1,2026-07-02,ec7137ffc83af81663d9
Sardi Khola,4.0,Operation,Sardi,exact,high,conservative normalized name with spatial/capacity compatibility,operating_record,Operating record,operating_record,active,operating_record,,operating,4.0,0.0,Sardi Khola,94,https://doed.gov.np/pages/powerplantsmorethan1,2026-07-02,783a7df1e18f4f6f17c6
Sepli Khola,5.0,Survey,Sepli Khola,exact,high,conservative normalized name with spatial/capacity compatibility,generation_license,Generation licence,cancelled_survey_application | generation_license,mixed,generation_license,,,5.0,0.0,Sepli Khola | Sepli Khola HEP,364 | 937,https://doed.gov.np/pages/canceled_hydro/ | https://doed.gov.np/pages/clhydromorethan1,2026-07-02,86b616fd0ddb63a7b175 | ae15cd1deea4fc8d3dad
Seti,1.5,Operation,Seti Khola,exact,high,conservative normalized name with spatial/capacity compatibility,operating_record,Operating record,operating_record,active,operating_record,,operating,1.5,0.0,Seti,1_gtd,https://doed.gov.np/pages/powerplantsmorethan1,2026-07-02,517b09baec51ebb83632
Seti Khola HPP,3.5,Generation,Seti Khola,exact,high,conservative normalized name with spatial/capacity compatibility,operating_record,Operating record,cancelled_survey_application | operating_record,mixed,operating_record,,operating,3.5,0.0,Seti Khola | Seti Khola HPP,205,https://doed.gov.np/pages/canceled_hydro/ | https://doed.gov.np/pages/powerplantsmorethan1,2026-07-02,0c40e940ffa938c470c0 | 9236a55179641a01263f
Seti Khola HPP,30.0,Survey,Seti Khola,exact,high,conservative normalized name with spatial/capacity compatibility,operating_record,Operating record,cancelled_survey_application | operating_record,mixed,operating_record,,operating,25.0,5.0,Seti Khola HPP | Seti Khola SHP,1468 | 304 | 6384,https://doed.gov.np/pages/canceled_hydro/ | https://doed.gov.np/pages/powerplantsmorethan1,2026-07-02,056743a0f65ed7feb085 | 3ed32fc94b31789fd83a | a0c236f2411e9dcb25e0
Seti Nadi-3,165.0,Survey,Seti Khola,exact,high,conservative normalized name with spatial/capacity compatibility,generation_license,Generation licence,generation_license,active,generation_license,,,87.0,78.0,Seti Nadi-3 HEP,473,https://doed.gov.np/pages/clhydromorethan1,2026-07-02,aea2efb39edadc8bc1b4
Seti-II,0.78,Operation,Seti Khola,exact,high,conservative normalized name with spatial/capacity compatibility,operating_record,Operating record,operating_record,active,operating_record,,operating,0.78,0.0,Seti-II,,https://doed.gov.np/pages/powerplantslessthan1,2026-07-02,c2db565aa17a6d89a38d
Setikhola Hydroelectric Project,22.0,Survey,Seti Khola,alias,high,spacing variant plus identical capacity and midpoint,generation_license,Generation licence,cancelled_survey_application | generation_license,mixed,generation_license,,,22.0,0.0,Seti Khola HEP | Seti Khola SHP,334 | 6384,https://doed.gov.np/pages/canceled_hydro/ | https://doed.gov.np/pages/clhydromorethan1,2026-07-02,056743a0f65ed7feb085 | 2dd7f5573a78630fca8c
Shyam Khola HEP,7.25,Survey,Shyam Khola,exact,high,conservative normalized name with spatial/capacity compatibility,generation_license,Generation licence,cancelled_survey_application | generation_license,mixed,generation_license,,,7.25,0.0,Shyam Khola | Shyam Khola HEP,1632 | 400 | 4023,https://doed.gov.np/pages/canceled_hydro/ | https://doed.gov.np/pages/clhydromorethan1,2026-07-02,42e1c75b7f79587ee6c6 | bdba46f9e02fe3153d6c | d61ac243260837b09657 | e232b360ac6782f2ab77 | fc768360775dd4d408ad
Siddhi Khola,10.0,Generation,Siddhi Khola,exact,high,conservative normalized name with spatial/capacity compatibility,operating_record,Operating record,cancelled_survey_application | operating_record,mixed,operating_record,,operating,10.0,0.0,Siddhi Khola | Siddhi Khola SHP,143 | 2910 | 5508,https://doed.gov.np/pages/canceled_hydro/ | https://doed.gov.np/pages/powerplantsmorethan1,2026-07-02,24d85ecd273d7e4fd231 | 6f483a31fcc6be9d8318 | f58947b059ce1fdc5f32
Simbuwa Khola Hydroelectric Project,53.7,Survey,Simbuwa Khola,exact,high,conservative normalized name with spatial/capacity compatibility,generation_license,Generation licence,cancelled_survey_application | generation_license,mixed,generation_license,,,70.3,16.6,Simbuwa Khola | Simbuwa Khola HEP | Simbuwa Khola HPP,3357 | 377,https://doed.gov.np/pages/canceled_hydro/ | https://doed.gov.np/pages/clhydromorethan1,2026-07-02,265425ae5e3712060ae6 | 27046a06e0999f1c0c04 | f6423d4fab95dca49dbe | f90eed06c7d5053f7d65
Simrutu Khola,0.2,Generation,Simruth,exact,high,conservative normalized name with spatial/capacity compatibility,generation_license,Generation licence,generation_license,active,generation_license,,,0.2,0.0,Simrutu Khola,,https://doed.gov.np/pages/clhydrolessthan1,2026-07-02,9fccc9f64127f4535db7
Singati Khola hydropower project,25.0,Generation,Singati,exact,high,conservative normalized name with spatial/capacity compatibility,operating_record,Operating record,operating_record,active,operating_record,,operating,25.0,0.0,Singati Khola hydropower project,150,https://doed.gov.np/pages/powerplantsmorethan1,2026-07-02,d07925732631b5fd9f53
Sinkos Khola HPP,3.45,Survey,Sinkos Khola,exact,high,conservative normalized name with spatial/capacity compatibility,generation_license,Generation licence,cancelled_survey_application | generation_license,mixed,generation_license,,,3.45,0.0,Sinkos Khola HEP | Sinkos Khola SHP,3488 | 417,https://doed.gov.np/pages/canceled_hydro/ | https://doed.gov.np/pages/clhydromorethan1,2026-07-02,0dafd684d3c935f4123a | dcaf67ff76f052aca99b
Sipa Khola HEP,1.514,Survey,Sipa,exact,high,conservative normalized name with spatial/capacity compatibility,survey_license,Survey licence,survey_license,active,survey_license,,,0.8,0.714,Sipa Khola HEP,944.0,https://doed.gov.np/pages/hydrolessthan1,2026-07-02,7fa3fe46a39596122483
Sipring Khola,10.0,Operation,Sipring,exact,high,conservative normalized name with spatial/capacity compatibility,operating_record,Operating record,cancelled_survey_application | operating_record,mixed,operating_record,,operating,10.0,0.0,Sipring Khola,27,https://doed.gov.np/pages/canceled_hydro/ | https://doed.gov.np/pages/powerplantsmorethan1,2026-07-02,a7e69ecb810012bd9e28 | b2fc85c11f3d6539250b
Sisa Khola A Hydropower Project,2.8,Generation,Sisa,exact,high,conservative normalized name with spatial/capacity compatibility,cancelled_generation_license,Generation licence cancelled,cancelled_generation_license | cancelled_survey_application,cancelled,generation_license_cancelled,,,2.8,0.0,Sisa Khola A (GLC) | Sisa Khola A HEP | Sisa Khola A Hydropower Project,6243 | 8622,https://doed.gov.np/pages/canceled_hydro/ | https://doed.gov.np/pages/glc,2026-07-02,32ec3de629672933e5ca | 6aaf8263466dfb80536c | 98555b158913c2d929f0
Sisne Khola,0.8,Operation,Sisne Khola,exact,high,conservative normalized name with spatial/capacity compatibility,operating_record,Operating record,operating_record,active,operating_record,,operating,0.8,0.0,Sisne Khola,,https://doed.gov.np/pages/powerplantslessthan1,2026-07-02,ca142126c8b3cd156bef
Siuri Khola,5.0,Operation,Siuri,exact,high,conservative normalized name with spatial/capacity compatibility,operating_record,Operating record,operating_record,active,operating_record,,operating,5.0,0.0,Siuri Khola,31,https://doed.gov.np/pages/powerplantsmorethan1,2026-07-02,bf077e8398ec5a5f20fc
Solu Hydropower Project,23.5,Generation,Solu Khola,exact,high,conservative normalized name with spatial/capacity compatibility,operating_record,Operating record,operating_record,active,operating_record,,operating,23.5,0.0,Solu Hydropower Project,117,https://doed.gov.np/pages/powerplantsmorethan1,2026-07-02,46a765455d9a1749123b
Solu Khola (Dudha Koshi),86.0,Operation,Solu Khola,exact,high,conservative normalized name with spatial/capacity compatibility,operating_record,Operating record,operating_record,active,operating_record,,operating,86.0,0.0,Solu Khola (Dudha Koshi),126,https://doed.gov.np/pages/powerplantsmorethan1,2026-07-02,ccd7cc0d0ce5737ed533
Sona Khola Hydropower Project,5.0,Survey,Sona Khola,exact,high,conservative normalized name with spatial/capacity compatibility,generation_license,Generation licence,generation_license,active,generation_license,,,9.0,4.0,Sona Khola HEP,358,https://doed.gov.np/pages/clhydromorethan1,2026-07-02,3f39610c9232cc9c4deb
Sun Koshi,10.05,Operation,Sun Koshi,exact,high,conservative normalized name with spatial/capacity compatibility,operating_record,Operating record,operating_record,active,operating_record,,operating,10.05,0.0,Sun Koshi,1_gtd,https://doed.gov.np/pages/powerplantsmorethan1,2026-07-02,9bcbd1fac402bf35fbd9
Sunigad,11.05,Survey,Suni Gad,exact,high,conservative normalized name with spatial/capacity compatibility,operating_record,Operating record,generation_license | operating_record,active,operating_record,,operating,11.05,0.0,Sunigad | Sunigad HEP,314,https://doed.gov.np/pages/clhydromorethan1 | https://doed.gov.np/pages/powerplantsmorethan1,2026-07-02,624143680de15a2eea0c | 919e7288c2ff4f8766ea
Sunkoshi Small,2.6,Operation,Sun Koshi,exact,high,conservative normalized name with spatial/capacity compatibility,operating_record,Operating record,operating_record,active,operating_record,,operating,2.6,0.0,Sunkoshi Small,12,https://doed.gov.np/pages/powerplantsmorethan1,2026-07-02,d741743cbcbc4a3f67ea
Super Budhigandaki,52.0,Survey,Budhigandaki,exact,high,conservative normalized name with spatial/capacity compatibility,gon_under_study,Government project under study,cancelled_survey_application | gon_under_study,mixed,,under_study,,34.39,17.61,Super Budhigandaki HEP | Super Budhigandaki Hydropower Project,2003,https://doed.gov.np/pages/canceled_hydro/ | https://doed.gov.np/pages/gonunderstudy,2026-07-02,7fd602e890cf45ad5adb | d78f292ff004961f7174
Super Chepe,9.05,Survey,Chepe Khola,exact,high,conservative normalized name with spatial/capacity compatibility,operating_record,Operating record,operating_record,active,operating_record,,operating,9.05,0.0,Super Chepe HEP,341,https://doed.gov.np/pages/powerplantsmorethan1,2026-07-02,b2f52e0a0304685b1242
Super Dordi Kha Hydropower Project,49.6,Generation,Dordi,exact,high,conservative normalized name with spatial/capacity compatibility,operating_record,Operating record,operating_record,active,operating_record,,operating,54.0,4.4,Super Dordi Kha Hydropower Project,115,https://doed.gov.np/pages/powerplantsmorethan1,2026-07-02,f864a97e3a8de4fc415a
Super Ghalemdi HPP,9.14,Survey,Ghalemdi,exact,high,conservative normalized name with spatial/capacity compatibility,generation_license,Generation licence,generation_license,active,generation_license,,,9.14,0.0,Super Ghalemdi HEP,409,https://doed.gov.np/pages/clhydromorethan1,2026-07-02,0448c7b7b7ef0424cd0c
Super Inkhu Khola,22.12,Survey,Inkhu,exact,high,conservative normalized name with spatial/capacity compatibility,generation_application,Generation-licence application,generation_application,active,generation_application,,,24.41,2.29,Super Inkhu Khola HEP,2764.0,https://doed.gov.np/pages/appclhydro,2026-07-02,cc8f92a0da935433682c
Super Iwa Khola HEP,4.0,Survey,Iwa Khola,exact,high,conservative normalized name with spatial/capacity compatibility,generation_license,Generation licence,cancelled_survey_application | generation_license,mixed,generation_license,,,4.795,0.795,Super Iwa Khola | Super Iwa Khola HEP,461,https://doed.gov.np/pages/canceled_hydro/ | https://doed.gov.np/pages/clhydromorethan1,2026-07-02,41cd7cd952c2da7c503c | 79a5c89dbf6c54a44631
Super Kabeli Khola A,15.0,Survey,Kabeli Khola,exact,high,conservative normalized name with spatial/capacity compatibility,operating_record,Operating record,operating_record,active,operating_record,,operating,13.5,1.5,Super Kabeli Khola A HEP,347,https://doed.gov.np/pages/powerplantsmorethan1,2026-07-02,43e36164b9f77e8365ae
Super Kabeli Khola HPP,20.0,Survey,Kabeli Khola,exact,high,conservative normalized name with spatial/capacity compatibility,operating_record,Operating record,operating_record,active,operating_record,,operating,12.0,8.0,Super Kabeli Khola HEP,348,https://doed.gov.np/pages/powerplantsmorethan1,2026-07-02,76b08e1b2dd7a06ad2f5
Super Lower Bagmati HPP,35.9,Survey,Bagmati,exact,high,conservative normalized name with spatial/capacity compatibility,generation_license,Generation licence,generation_license,active,generation_license,,,41.86,5.96,Super Lower Bagmati HEP,360,https://doed.gov.np/pages/clhydromorethan1,2026-07-02,bb3d80ceb0a4ef4abf57
Super Machha Khola HEP,4.6,Survey,Machha Khola,exact,high,conservative normalized name with spatial/capacity compatibility,generation_license,Generation licence,generation_license,active,generation_license,,,4.6,0.0,Super Machha Khola HEP,414,https://doed.gov.np/pages/clhydromorethan1,2026-07-02,520de3a37cd980baac1c
Super Madi,44.0,Generation,Madi Khola,exact,high,conservative normalized name with spatial/capacity compatibility,operating_record,Operating record,operating_record,active,operating_record,,operating,44.0,0.0,Super Madi,192,https://doed.gov.np/pages/powerplantsmorethan1,2026-07-02,0897b708c071c6f3001e
Super Mai Hydropower Project,7.8,Generation,Mai Khola,exact,high,conservative normalized name with spatial/capacity compatibility,operating_record,Operating record,operating_record,active,operating_record,,operating,7.8,0.0,Super Mai Hydropower Project,188,https://doed.gov.np/pages/powerplantsmorethan1,2026-07-02,3165be11830146130b66
Super Mai Khola Cascade HPP,3.8,Survey,Mai Khola,exact,high,conservative normalized name with spatial/capacity compatibility,operating_record,Operating record,operating_record,active,operating_record,,operating,3.0,0.8,Super Mai Khola Cascade HPP,250,https://doed.gov.np/pages/powerplantsmorethan1,2026-07-02,3b56ab5697e7deb607f1
Super Mai-A HPP,9.6,Generation,Mai Khola,exact,high,conservative normalized name with spatial/capacity compatibility,operating_record,Operating record,operating_record,active,operating_record,,operating,9.6,0.0,Super Mai-A HPP,224,https://doed.gov.np/pages/powerplantsmorethan1,2026-07-02,84b717458f929faeae98
Super Melamchi Hydropower Project,24.7,Survey,Melamchi,exact,high,conservative normalized name with spatial/capacity compatibility,generation_license,Generation licence,generation_license,active,generation_license,,,23.6,1.1,Super Melamchi HEP,340,https://doed.gov.np/pages/clhydromorethan1,2026-07-02,d32331533a749b29f8b8
Super Most Iwa,3.7,Survey,Iwa,exact,high,conservative normalized name with spatial/capacity compatibility,generation_license,Generation licence,generation_license,active,generation_license,,,4.6,0.9,Super Most Iwa HEP,471,https://doed.gov.np/pages/clhydromorethan1,2026-07-02,827aff6d0e8f832aa511
Super Nyadi Hydropower Project,40.27,Generation,Nyadi,exact,high,conservative normalized name with spatial/capacity compatibility,generation_license,Generation licence,cancelled_survey_application | generation_license,mixed,generation_license,,,40.27,0.0,Super Nyadi HPP | Super Nyadi Hydropower Project,1888 | 204 | 5365,https://doed.gov.np/pages/canceled_hydro/ | https://doed.gov.np/pages/clhydromorethan1,2026-07-02,6e181e3a21148ba88d3e | 8b3fa86cc867996648ef | f6f0a17d2c88dd2da914
Super Seti HEP,24.0,Survey,Seti Khola and Batase Khola,exact,high,conservative normalized name with spatial/capacity compatibility,generation_license,Generation licence,cancelled_survey_application | generation_license,mixed,generation_license,,,24.0,0.0,Super Seti | Super Seti HPP,1545 | 418,https://doed.gov.np/pages/canceled_hydro/ | https://doed.gov.np/pages/clhydromorethan1,2026-07-02,4a98b3c660202f88f770 | d13d1ff2b5d106b52f48
Super Tamor,155.0,Survey,Tamor,exact,high,conservative normalized name with spatial/capacity compatibility,generation_license,Generation licence,generation_license,active,generation_license,,,166.0,11.0,Super Tamor HEP,406,https://doed.gov.np/pages/clhydromorethan1,2026-07-02,e8e9d8ed4413ba49312b
Super Trishuli,100.0,Generation,Trishuli,exact,high,conservative normalized name with spatial/capacity compatibility,generation_license,Generation licence,generation_license,active,generation_license,,,100.0,0.0,Super Trishuli,218,https://doed.gov.np/pages/clhydromorethan1,2026-07-02,2c325307afad7d0ab814
Supper Sabha Khola Small HPP,4.1,Survey,Sabha Khola,alias,high,spelling correction plus identical capacity and midpoint,generation_license,Generation licence,generation_license,active,generation_license,,,4.1,0.0,Super Sabha Khola Small Hydropower Project,482,https://doed.gov.np/pages/clhydromorethan1,2026-07-02,ad34153eaeee4b429b92
Suri Khola,7.0,Generation,Suri,exact,high,conservative normalized name with spatial/capacity compatibility,operating_record,Operating record,cancelled_survey_application | operating_record,mixed,operating_record,,operating,7.0,0.0,Suri Khola | Suri Khola HPP,134 | 4271,https://doed.gov.np/pages/canceled_hydro/ | https://doed.gov.np/pages/powerplantsmorethan1,2026-07-02,4c855f33bc857c26f382 | 56c375e56f951a4fb7b3 | 6a786d320a1ec3ab4261
Surke Dudhkoshi HEP,350.0,Survey,Dudhkoshi,exact,high,conservative normalized name with spatial/capacity compatibility,generation_application,Generation-licence application,generation_application,active,generation_application,,,188.0,162.0,Surke Dudhkoshi HEP,5358.0,https://doed.gov.np/pages/appclhydro,2026-07-02,e3d0b125fedb709da437
Suspa Bukhari Khola,0.998,Operation,Suspa Bukhari Khola,exact,high,conservative normalized name with spatial/capacity compatibility,operating_record,Operating record,operating_record,active,operating_record,,operating,0.998,0.0,Suspa Bukhari Khola,,https://doed.gov.np/pages/powerplantslessthan1,2026-07-02,9745fc1926aae9938a9b
Suti Khola Hydropower Project,17.0,Survey,Suti,exact,high,conservative normalized name with spatial/capacity compatibility,generation_license,Generation licence,cancelled_survey_application | generation_license,mixed,generation_license,,,21.0,4.0,Suti Khola | Suti Khola HEP,431,https://doed.gov.np/pages/canceled_hydro/ | https://doed.gov.np/pages/clhydromorethan1,2026-07-02,e7158f4ba0760ea3ce87 | ffdf1e9d4c9cae2379c9
Syalque Khola Small HEP,3.41,Survey,"Syalque khola, Danque Khola",exact,high,conservative normalized name with spatial/capacity compatibility,generation_license,Generation licence,generation_license,active,generation_license,,,4.8,1.39,Syalque Khola Small HEP,454,https://doed.gov.np/pages/clhydromorethan1,2026-07-02,418754cffbae8d2c1626
Syankhu Khola,0.996,Survey,Syankhu,exact,high,conservative normalized name with spatial/capacity compatibility,survey_license,Survey licence,survey_license,active,survey_license,,,0.996,0.0,Syankhu Khola,,https://doed.gov.np/pages/hydrolessthan1,2026-07-02,9865a629172b2214c036
Syano Khola HPP,4.2,Survey,Syano Khola,exact,high,conservative normalized name with spatial/capacity compatibility,generation_license,Generation licence,generation_license,active,generation_license,,,4.75,0.55,Syano Khola HEP,422,https://doed.gov.np/pages/clhydromorethan1,2026-07-02,a52049891bb7831a45c2
Syar Khola HPP,59.5,Survey,Syar,exact,high,conservative normalized name with spatial/capacity compatibility,survey_application,Survey-licence application,cancelled_survey_application | gon_under_study | survey_application,mixed,survey_application,,,21.0,38.5,Syar Khola (Reserved) | Syar Khola HPP | Syar Khola Hydroelectric Project | Syar Khola Hydropower Project,1426 | 3029 | 4409 | 9109,https://doed.gov.np/pages/appslhydromorethan1 | https://doed.gov.np/pages/canceled_hydro/ | https://doed.gov.np/pages/gonunderstudy,2026-07-02,1c0e556801c9983aa08c | 5abb4795177bc0615787 | 760e722f65daa09ac28b | a90a07af353c922b1e3d | c6edcfcd5b2f4401cdb1
Tadi Ghyamphedi HPP,4.7,Survey,Tadi Khola,exact,high,conservative normalized name with spatial/capacity compatibility,generation_license,Generation licence,generation_license,active,generation_license,,,8.0,3.3,Tadi Ghyamphedi HEP,445,https://doed.gov.np/pages/clhydromorethan1,2026-07-02,f1afcc2ec3f3521e8f98
Tadi Khola,5.0,Generation,Tadi Khola,exact,high,conservative normalized name with spatial/capacity compatibility,generation_license,Generation licence,cancelled_survey_application | generation_license,mixed,generation_license,,,6.6,1.6,Tadi Khola | Tadi Khola HPP | Tadi Khola SHP,1385 | 2310 | 3208 | 4018 | 4088 | 4754 | 51 | 6645,https://doed.gov.np/pages/canceled_hydro/ | https://doed.gov.np/pages/clhydromorethan1,2026-07-02,13cda244094cbd599b33 | 1a1036e3da56a478bc76 | 1f637eaa14ac47204394 | 2156bbfc20cf3109c7f3 | 31980482c6d8b667c48b | 4271cd61b9313e03d582 | 4ef878750d3ac7ceef38 | 60ca450571a9aa604487 | 8048e2857e89b3090724 | ac9f207838d23def22a6 | be53aa6e2b328c88e389 | f89738b4d533ecd5e1f5 | f8e7012a45828e3950b5
Tadi Khola (thaprek),5.0,Operation,Tadi Khola,exact,high,conservative normalized name with spatial/capacity compatibility,operating_record,Operating record,operating_record,active,operating_record,,operating,5.0,0.0,Tadi Khola (thaprek),54,https://doed.gov.np/pages/powerplantsmorethan1,2026-07-02,16f34527e0c4f7f0160c
Taksar Pikhuwa,8.0,Generation,Pikhuwa,exact,high,conservative normalized name with spatial/capacity compatibility,operating_record,Operating record,operating_record,active,operating_record,,operating,8.0,0.0,Taksar Pikhuwa,159,https://doed.gov.np/pages/powerplantsmorethan1,2026-07-02,7552a26edf7af36b3662
Tallo Bagmati Small HPP,8.5,Survey,Bagmati,unmatched,,,,,,,,,,,,,,,,
Tamakoshi 3,650.0,Survey,Tama Koshi,unmatched,,,,,,,,,,,,,,,,
Tamakoshi V,87.0,Generation,Tama Koshi,exact,high,conservative normalized name with spatial/capacity compatibility,generation_license,Generation licence,generation_license,active,generation_license,,,99.8,12.8,Tamakoshi V,193,https://doed.gov.np/pages/clhydromorethan1,2026-07-02,3049af5ec7930e8ee8f5
Tamakoshi- 9 HEP,24.46,Survey,Tamakoshi,exact,high,conservative normalized name with spatial/capacity compatibility,cancelled_survey_license,Survey licence cancelled,cancelled_survey_license,cancelled,survey_license_cancelled,,,10.5,13.96,Tamakoshi- 9 (SLC),,https://doed.gov.np/pages/slc,2026-07-02,f5acf6351cac58d10704
Taman Khola,4.85,Generation,Taman,exact,high,conservative normalized name with spatial/capacity compatibility,cancelled_generation_license,Generation licence cancelled,cancelled_generation_license | cancelled_survey_application,cancelled,generation_license_cancelled,,,4.85,0.0,Taman Khola (GLC) | Taman Khola HPP | Taman Khola Hydropower Project,4112 | 4732,https://doed.gov.np/pages/canceled_hydro/ | https://doed.gov.np/pages/glc,2026-07-02,595284b826c6b0c75f47 | 7934a12b2a42974ce42b | abcdc5cc579924b4425b
Tamor Khola-5 HEP,40.0,Survey,Tamor,exact,high,conservative normalized name with spatial/capacity compatibility,generation_license,Generation licence,generation_license,active,generation_license,,,37.5,2.5,Tamor Khola-5 HEP,365,https://doed.gov.np/pages/clhydromorethan1,2026-07-02,899b938aca67eb0c9075
Tamor Mewa,128.0,Survey,Tamor,exact,high,conservative normalized name with spatial/capacity compatibility,generation_license,Generation licence,cancelled_survey_application | generation_license,mixed,generation_license,,,128.0,0.0,Tamor Mewa | Tamor Mewa HPP,3012 | 322,https://doed.gov.np/pages/canceled_hydro/ | https://doed.gov.np/pages/clhydromorethan1,2026-07-02,3c2f44d4222582dd3eec | 75d73c0ca93b7f1acc45
Tamor Storage,200.0,Survey,Tamor,exact,high,conservative normalized name with spatial/capacity compatibility,survey_license,Survey licence,survey_license,active,survey_license,,,200.0,0.0,Tamor Storage,666,https://doed.gov.np/pages/hydromorethan1,2026-07-02,ec6be01377b6335cc13b
Tanahu HEP,140.0,Generation,Seti Khola,exact,high,conservative normalized name with spatial/capacity compatibility,generation_license,Generation licence,generation_license,active,generation_license,,,140.0,0.0,Tanahu HEP,157,https://doed.gov.np/pages/clhydromorethan1,2026-07-02,a4a35ffe03d039e90aa4
Tanchhahara SHP,2.4,Generation,Tangchhahara,exact,high,conservative normalized name with spatial/capacity compatibility,cancelled_generation_license,Generation licence cancelled,cancelled_generation_license,cancelled,generation_license_cancelled,,,2.4,0.0,Tanchhahara (GLC),,https://doed.gov.np/pages/glc,2026-07-02,a3c7241a0a1623ce2661
Tara Khola Community (Mini) Hydropower Project,0.38,Generation,Tara Khola,exact,high,conservative normalized name with spatial/capacity compatibility,generation_license,Generation licence,generation_license,active,generation_license,,,0.38,0.0,Tara Khola Community (Mini) Hydropower Project,,https://doed.gov.np/pages/clhydrolessthan1,2026-07-02,375eb600bf6dbb876566
Tatopani,2.0,Operation,Tatopani,exact,high,conservative normalized name with spatial/capacity compatibility,operating_record,Operating record,operating_record,active,operating_record,,operating,2.0,0.0,Tatopani,1_gtd,https://doed.gov.np/pages/powerplantsmorethan1,2026-07-02,80f480617cc1e751ff26
Tatopani khola HPP,24.3,Survey,Tatopani(Ilep) Khola,exact,high,conservative normalized name with spatial/capacity compatibility,generation_license,Generation licence,cancelled_survey_application | generation_license,mixed,generation_license,,,19.0,5.3,Tatopani Khola | Tatopani khola HEP,3015 | 410,https://doed.gov.np/pages/canceled_hydro/ | https://doed.gov.np/pages/clhydromorethan1,2026-07-02,7061e8fa820b24df17fd | e57dbaa06f1ea0fd763b
Tawa Khola HPP,9.96,Survey,"Tawa Khola, Yamkha Khola, Siwa",exact,high,conservative normalized name with spatial/capacity compatibility,cancelled_survey_application,Survey application cancelled,cancelled_survey_application,cancelled,survey_application_cancelled,,,4.13,5.83,Tawa Khola | Tawa Khola Hydropower Project,1344,https://doed.gov.np/pages/canceled_hydro/,2026-07-02,2a0151dc02b283874513 | dc7d8f083be64c7a18f3 | ecf85d7b64937b52d5d7
Thame Small HPP,0.63,Operation,Thame Khola,exact,high,conservative normalized name with spatial/capacity compatibility,operating_record,Operating record,operating_record,active,operating_record,,operating,0.63,0.0,Thame Small HPP,,https://doed.gov.np/pages/powerplantslessthan1,2026-07-02,f34057d971c2eb80767e
Thapa Khola,11.2,Operation,Thapa Khola,exact,high,conservative normalized name with spatial/capacity compatibility,operating_record,Operating record,operating_record,active,operating_record,,operating,13.6,2.4,Thapa Khola,61,https://doed.gov.np/pages/powerplantsmorethan1,2026-07-02,aae00911a677553cb832
Theule Khola HPP,1.5,Operation,Theule,exact,high,conservative normalized name with spatial/capacity compatibility,operating_record,Operating record,cancelled_survey_application | operating_record,mixed,operating_record,,operating,1.5,0.0,Theule Khola HPP | Theule Khola SHP,140 | 3251,https://doed.gov.np/pages/canceled_hydro/ | https://doed.gov.np/pages/powerplantsmorethan1,2026-07-02,6ea3dc6698d38c237e32 | 8033c798e7bbbcd85ce9
Thoppal Khola,1.65,Operation,Thoppal,exact,high,conservative normalized name with spatial/capacity compatibility,operating_record,Operating record,operating_record,active,operating_record,,operating,1.65,0.0,Thoppal Khola,19,https://doed.gov.np/pages/powerplantsmorethan1,2026-07-02,4c51213cff40ef22e1e4
Thuli Bheri,121.0,Survey,Thuli Bheri,exact,high,conservative normalized name with spatial/capacity compatibility,cancelled_survey_application,Survey application cancelled,cancelled_survey_application,cancelled,survey_application_cancelled,,,4.8,116.2,Thuli Bheri | Thuli Bheri HPP,2197 | 2880,https://doed.gov.np/pages/canceled_hydro/,2026-07-02,37783fb913f6f3101649 | 5578aaeb7f11e2e9be5b
Thuligad Khola Small HEP,9.0,Survey,Thuli Gad,alias,high,same named scheme and midpoint with documented capacity revision flag retained,generation_license,Generation licence,generation_license,active,generation_license,,,17.0,8.0,Thuligad Khola Small PRoR HEP,421,https://doed.gov.np/pages/clhydromorethan1,2026-07-02,5cce0cb88ac0be3f2d47
Thulo Khola HPP,4.99,Survey,Thulo Khola,exact,high,conservative normalized name with spatial/capacity compatibility,operating_record,Operating record,cancelled_survey_application | operating_record,mixed,operating_record,,operating,21.3,16.31,Thulo Khola | Thulo Khola Hydropower Project,294,https://doed.gov.np/pages/canceled_hydro/ | https://doed.gov.np/pages/powerplantsmorethan1,2026-07-02,2e3f8cc3ab5b6ceedcac | cf6ecb18b5226e39b27c
Thulo Khola Hydropower Project,21.3,Survey,Thulo Khola,exact,high,conservative normalized name with spatial/capacity compatibility,operating_record,Operating record,cancelled_survey_application | operating_record,mixed,operating_record,,operating,21.3,0.0,Thulo Khola | Thulo Khola Hydropower Project,294,https://doed.gov.np/pages/canceled_hydro/ | https://doed.gov.np/pages/powerplantsmorethan1,2026-07-02,2e3f8cc3ab5b6ceedcac | cf6ecb18b5226e39b27c
Tinau,1.024,Operation,Tinau,exact,high,conservative normalized name with spatial/capacity compatibility,operating_record,Operating record,operating_record,active,operating_record,,operating,1.024,0.0,Tinau,1_gtd,https://doed.gov.np/pages/powerplantsmorethan1,2026-07-02,f18e0778652d4a203250
Tinau Khola HPP,3.44,Survey,Tinau,exact,high,conservative normalized name with spatial/capacity compatibility,generation_license,Generation licence,generation_license,active,generation_license,,,3.44,0.0,Tinau Khola HPP,261,https://doed.gov.np/pages/clhydromorethan1,2026-07-02,71dc31bdf73e1585192d
Tinekhu Khola SHP,0.99,Generation,Tinekhu,exact,high,conservative normalized name with spatial/capacity compatibility,generation_license,Generation licence,generation_license,active,generation_license,,,0.99,0.0,Tinekhu Khola SHP,,https://doed.gov.np/pages/clhydrolessthan1,2026-07-02,cf838a8436ffa2663e1d
Tiplyang Kaligandaki HEP,58.0,Survey,Kali Gandaki,exact,high,conservative normalized name with spatial/capacity compatibility,generation_license,Generation licence,generation_license,active,generation_license,,,58.0,0.0,Tiplyang Kaligandaki HEP,373,https://doed.gov.np/pages/clhydromorethan1,2026-07-02,270987e62bb72ae967d8
Toj Khola HPP,2.3,Survey,Toj Khola,exact,high,conservative normalized name with spatial/capacity compatibility,survey_license,Survey licence,cancelled_survey_application | survey_license,mixed,survey_license,,,6.0,3.7,Toj Khola Hydropower Project | Toj Khola SHP,1514 | 4643 | 4751 | 686,https://doed.gov.np/pages/canceled_hydro/ | https://doed.gov.np/pages/hydromorethan1,2026-07-02,950398d9ded67370ad32 | b444aa21d5edebb64ed6 | bb40071ab4027fc8e03f | fe3f93ac274dc4befd6f
Tom Dogar HEP ( Budhi gandaki),43.52,Survey,Budhi Gandaki,unmatched,,,,,,,,,,,,,,,,
Trishuli,24.0,Operation,Trishuli,exact,high,conservative normalized name with spatial/capacity compatibility,operating_record,Operating record,operating_record,active,operating_record,,operating,24.0,0.0,Trishuli,1_gtd,https://doed.gov.np/pages/powerplantsmorethan1,2026-07-02,3fc2d10dafd35309052f
Trishuli Galchhi,75.0,Generation,Trishuli,unmatched,,,,,,,,,,,,,,,,
Trishuli Khola,4.409,Survey,Trishuli Khola,exact,high,conservative normalized name with spatial/capacity compatibility,survey_application,Survey-licence application,cancelled_survey_application | survey_application,mixed,survey_application,,,10.45,6.041,Trishuli Khola | Trishuli Khola Hydropower Project,2227 | 2773,https://doed.gov.np/pages/appslhydromorethan1 | https://doed.gov.np/pages/canceled_hydro/,2026-07-02,2771a71dcecb8be1379b | 59944df20e9fd0473525 | 6171affd434d6ae6551a
Tungun - Thosne Khola,4.36,Operation,Tugun,exact,high,conservative normalized name with spatial/capacity compatibility,operating_record,Operating record,operating_record,active,operating_record,,operating,4.36,0.0,Tungun - Thosne Khola,84,https://doed.gov.np/pages/powerplantsmorethan1,2026-07-02,e8023b2ecf5c8cf21ebb
Upper Ankhu Khola,35.0,Survey,Ankhu Khola,exact,high,conservative normalized name with spatial/capacity compatibility,generation_license,Generation licence,generation_license,active,generation_license,,,38.0,3.0,Upper Ankhu Khola,280,https://doed.gov.np/pages/clhydromorethan1,2026-07-02,a99459604ba5a934302c
Upper Apsuwa HEP,24.6,Survey,Apsuwa,exact,high,conservative normalized name with spatial/capacity compatibility,generation_application,Generation-licence application,generation_application,active,generation_application,,,35.15,10.55,Upper Apsuwa HEP,451.0,https://doed.gov.np/pages/appclhydro,2026-07-02,c231ce451b5e16278f6c
Upper Balefhi,46.0,Survey,Balephi,alias,high,transliteration plus identical capacity and sub-kilometre midpoint,generation_license,Generation licence,cancelled_survey_application | generation_license,mixed,generation_license,,,46.0,0.0,Upper Balephi | Upper Balephi HPP,1237 | 345,https://doed.gov.np/pages/canceled_hydro/ | https://doed.gov.np/pages/clhydromorethan1,2026-07-02,c7c3a2a466a0b05871cc | caaac871c4c5ed427037
Upper Balephi A,36.0,Generation,Balephi,exact,high,conservative normalized name with spatial/capacity compatibility,operating_record,Operating record,operating_record,active,operating_record,,operating,36.0,0.0,Upper Balephi A,163,https://doed.gov.np/pages/powerplantsmorethan1,2026-07-02,bd9e2fc597ad970d646d
Upper Barunkhola HEP,55.0,Survey,Barun,exact,high,conservative normalized name with spatial/capacity compatibility,survey_license,Survey licence,cancelled_survey_application | survey_license,mixed,survey_license,,,109.5,54.5,Upper Barunkhola HEP,4896 | 994,https://doed.gov.np/pages/canceled_hydro/ | https://doed.gov.np/pages/hydromorethan1,2026-07-02,37d67dcd4e283d212ccc | 75f7caf385743a33ba15
Upper Belkhu Small HPP,0.996,Generation,Belkhu,exact,high,conservative normalized name with spatial/capacity compatibility,generation_license,Generation licence,generation_license,active,generation_license,,,0.996,0.0,Upper Belkhu Small HPP,,https://doed.gov.np/pages/clhydrolessthan1,2026-07-02,5c1109b4de18b34077dd
Upper Bhotekoshi,45.0,Operation,Bhote Koshi,exact,high,conservative normalized name with spatial/capacity compatibility,operating_record,Operating record,operating_record,active,operating_record,,operating,45.0,0.0,Upper Bhotekoshi,5,https://doed.gov.np/pages/powerplantsmorethan1,2026-07-02,bc50ee06612a233410d4
Upper Bhurundi Khola SHP,3.75,Survey,Bhurundi Khola,exact,high,conservative normalized name with spatial/capacity compatibility,generation_license,Generation licence,generation_license,active,generation_license,,,3.75,0.0,Upper Bhurundi Khola SHP,327,https://doed.gov.np/pages/clhydromorethan1,2026-07-02,24925410a9cf008b11f9
Upper Bhurundi Khola- A Small HEP,4.5,Survey,Bhurundi,exact,high,conservative normalized name with spatial/capacity compatibility,generation_license,Generation licence,generation_license,active,generation_license,,,9.0,4.5,Upper Bhurundi Khola- A Small HEP,412,https://doed.gov.np/pages/clhydromorethan1,2026-07-02,e18466d7983349ca308a
Upper Brahmayeni HEP,20.07,Survey,Nyamya Masal,exact,high,conservative normalized name with spatial/capacity compatibility,generation_license,Generation licence,generation_license,active,generation_license,,,15.15,4.92,Upper Brahmayeni HEP,440,https://doed.gov.np/pages/clhydromorethan1,2026-07-02,eb972c2c0fba8428979d
Upper Budhigandaki HEP,203.0,Survey,Budhi Gandaki,exact,high,conservative normalized name with spatial/capacity compatibility,cancelled_survey_application,Survey application cancelled,cancelled_survey_application,cancelled,survey_application_cancelled,,,220.0,17.0,Upper Budhigandaki HPP,1931,https://doed.gov.np/pages/canceled_hydro/,2026-07-02,a69c9c810f9711f2892e
Upper Budhiganga B HPP,8.4,Survey,Budhi ganga,exact,high,conservative normalized name with spatial/capacity compatibility,cancelled_generation_application,Generation application cancelled,cancelled_generation_application,cancelled,generation_application_cancelled,,,8.4,0.0,Upper Budhiganga B (GAC),,https://doed.gov.np/pages/generationcanceled,2026-07-02,fd17408fdf71b40d0e4e
Upper Chaku A,22.2,Generation,Chaku,exact,high,conservative normalized name with spatial/capacity compatibility,operating_record,Operating record,operating_record,active,operating_record,,operating,22.2,0.0,Upper Chaku A,58,https://doed.gov.np/pages/powerplantsmorethan1,2026-07-02,ad8d39c496b6b8444e54
Upper Chameliya HP,40.0,Survey,Chameliya Khola,exact,high,conservative normalized name with spatial/capacity compatibility,operating_record,Operating record,gon_studied | operating_record,active,operating_record,,operating,40.0,0.0,Upper Chameliya | Upper Chameliya HP,273,https://doed.gov.np/pages/gonstudied | https://doed.gov.np/pages/powerplantsmorethan1,2026-07-02,44f9210d6eee930a65b7 | bb70afd0d126c5addb60
Upper Chauri Khola,6.0,Generation,Chauri,exact,high,conservative normalized name with spatial/capacity compatibility,generation_license,Generation licence,generation_license,active,generation_license,,,6.0,0.0,Upper Chauri Khola,194,https://doed.gov.np/pages/clhydromorethan1,2026-07-02,061ed518253de54b7534
Upper Chhyandi Small HPP,4.0,Generation,Chhyangdi,exact,high,conservative normalized name with spatial/capacity compatibility,operating_record,Operating record,operating_record,active,operating_record,,operating,4.0,0.0,Upper Chhyandi Small HPP,233,https://doed.gov.np/pages/powerplantsmorethan1,2026-07-02,d60ec9797f3464204a34
Upper Chirkuwa Khola,4.7,Generation,Chirkhuwa,alias,high,transliteration plus identical capacity and midpoint,operating_record,Operating record,operating_record,active,operating_record,,operating,4.7,0.0,Upper Chirkhuwa Khola,185,https://doed.gov.np/pages/powerplantsmorethan1,2026-07-02,e2905a1b0688c5ec653f
Upper Daraudi B Small HPP,8.3,Survey,Daraudi,exact,high,conservative normalized name with spatial/capacity compatibility,generation_license,Generation licence,generation_license,active,generation_license,,,8.3,0.0,Upper Daraudi B Small HEP,343,https://doed.gov.np/pages/clhydromorethan1,2026-07-02,4ca1e490641a4ddd292b
Upper Daraudi Hydropower Project,9.2,Survey,Daraudi,exact,high,conservative normalized name with spatial/capacity compatibility,generation_license,Generation licence,generation_license,active,generation_license,,,9.2,0.0,Upper Daraudi Hydropower Project,330,https://doed.gov.np/pages/clhydromorethan1,2026-07-02,f4327f4c3bc1dbaec4b0
Upper Daraudi-C HPP,9.82,Survey,Daraudi,exact,high,conservative normalized name with spatial/capacity compatibility,generation_license,Generation licence,generation_license,active,generation_license,,,9.82,0.0,Upper Daraudi-C HEP,344,https://doed.gov.np/pages/clhydromorethan1,2026-07-02,a97c953fa0234bd98d1f
Upper Deumai Khola Small HPP,8.3,Survey,Deumai,exact,high,conservative normalized name with spatial/capacity compatibility,generation_license,Generation licence,cancelled_survey_application | generation_license,mixed,generation_license,,,8.3,0.0,Upper Deumai Khola Small HEP | Upper Deumai Khola Small HPP,2709 | 363,https://doed.gov.np/pages/canceled_hydro/ | https://doed.gov.np/pages/clhydromorethan1,2026-07-02,08611f94ac773fdece54 | 6bcb293d49553bda9c6c
Upper Dordi A HEP,25.0,Generation,Dordi,exact,high,conservative normalized name with spatial/capacity compatibility,operating_record,Operating record,operating_record,active,operating_record,,operating,25.0,0.0,Upper Dordi A HEP,121,https://doed.gov.np/pages/powerplantsmorethan1,2026-07-02,809d959267ab3087e86b
Upper Dudh Khola HPP,21.16,Survey,Dudh Khola,exact,high,conservative normalized name with spatial/capacity compatibility,generation_license,Generation licence,cancelled_survey_application | generation_license,mixed,generation_license,,,30.4,9.24,Upper Dudh Khola HPP | Upper Dudh khola HPP,2771 | 2773 | 3008 | 411,https://doed.gov.np/pages/canceled_hydro/ | https://doed.gov.np/pages/clhydromorethan1,2026-07-02,2c1fdc4f7f82cd172b6b | 62bd3a4098d30a576753 | 69bc5b75353ff7e6b3b7 | dce51b40ab4669577800
Upper Gaddi Gad,1.55,Generation,Gaddi Gad,exact,high,conservative normalized name with spatial/capacity compatibility,operating_record,Operating record,operating_record,active,operating_record,,operating,1.55,0.0,Upper Gaddi Gad,225,https://doed.gov.np/pages/powerplantsmorethan1,2026-07-02,87f4593866ef4ebfa68b
Upper Ghatte Khola Small HPP,2.73,Survey,Ghatte,exact,high,conservative normalized name with spatial/capacity compatibility,survey_application,Survey-licence application,survey_application,active,survey_application,,,1.478,1.252,Upper Ghatte Khola Small Hydropower Project,7526,https://doed.gov.np/pages/appslhydromorethan1,2026-07-02,76c28032a0560f10d18f
Upper Gidi Khola HEP,3.3,Survey,Gidi,exact,high,conservative normalized name with spatial/capacity compatibility,cancelled_survey_application,Survey application cancelled,cancelled_survey_application,cancelled,survey_application_cancelled,,,3.3,0.0,Upper Gidi Khola HEP,5647,https://doed.gov.np/pages/canceled_hydro/,2026-07-02,141c04f1fed501bc1c8f
Upper Hewa HPP,8.5,Generation,Hewa Khola,exact,high,conservative normalized name with spatial/capacity compatibility,operating_record,Operating record,operating_record,active,operating_record,,operating,8.5,0.0,Upper Hewa HPP,133,https://doed.gov.np/pages/powerplantsmorethan1,2026-07-02,5fe5e7a8c0f223ad059b
Upper Hugdi,5.0,Operation,Hugdi,exact,high,conservative normalized name with spatial/capacity compatibility,operating_record,Operating record,operating_record,active,operating_record,,operating,5.0,0.0,Upper Hugdi,67,https://doed.gov.np/pages/powerplantsmorethan1,2026-07-02,febfcad854b8f5a4f48f
Upper Idi Khola SHP,0.85,Survey,Idi Khola,unmatched,,,,,,,,,,,,,,,,
Upper Inkhu Khola HEP,24.22,Survey,Inkhu,exact,high,conservative normalized name with spatial/capacity compatibility,generation_application,Generation-licence application,cancelled_survey_application | generation_application,mixed,generation_application,,,24.22,0.0,Upper Inkhu Khola HEP | Upper Inkhu khola HPP,1079 | 2826.0,https://doed.gov.np/pages/appclhydro | https://doed.gov.np/pages/canceled_hydro/,2026-07-02,a3adfc976f3db3071f64 | fa70f2c163b777b2f614
Upper Irkhuwa HPP,14.5,Survey,"Irkhuwa,Phedi",exact,high,conservative normalized name with spatial/capacity compatibility,generation_license,Generation licence,cancelled_survey_application | generation_license,mixed,generation_license,,,14.5,0.0,Upper Irkhuwa HPP,2741 | 295,https://doed.gov.np/pages/canceled_hydro/ | https://doed.gov.np/pages/clhydromorethan1,2026-07-02,723df05956a0b866befa | faea5e53adefd899dbd5
Upper Isuwa,24.3,Survey,Isuwa Khola,exact,high,conservative normalized name with spatial/capacity compatibility,cancelled_survey_license,Survey licence cancelled,cancelled_survey_license,cancelled,survey_license_cancelled,,,24.3,0.0,Upper Isuwa (SLC),,https://doed.gov.np/pages/slc,2026-07-02,4caefa517387f80a2c4d
Upper Jumdi Khola,0.995,Generation,Jumdi,exact,high,conservative normalized name with spatial/capacity compatibility,generation_license,Generation licence,generation_license,active,generation_license,,,0.995,0.0,Upper Jumdi Khola,,https://doed.gov.np/pages/clhydrolessthan1,2026-07-02,8cad3ddfed8499209dfe
Upper Junbesi HPP,3.7,Survey,Junbeshi,alias,high,same upper scheme and sub-kilometre midpoint with capacity revision flag retained,generation_license,Generation licence,generation_license,active,generation_license,,,5.875,2.175,Upper Junbesi Khola HEP,427,https://doed.gov.np/pages/clhydromorethan1,2026-07-02,9fdbb432328ba8d2f39c
Upper Kabeli HPP,22.9,Survey,Kabeli Khola,alias,high,Mathillo-Upper translation plus same Kabeli scheme and sub-kilometre midpoint,generation_license,Generation licence,generation_license,active,generation_license,,,28.1,5.2,Mathillo Kabeli HEP,359,https://doed.gov.np/pages/clhydromorethan1,2026-07-02,f6f1eb2fe1983c15784c
Upper Kabeli-2HPP,9.6,Survey,Kabeli Khola,alias,high,same numbered scheme and near-identical midpoint with capacity revision flag retained,generation_license,Generation licence,cancelled_survey_application | generation_license,mixed,generation_license,,,15.0,5.4,Upper Kabeli-2 HEP,384 | 7053,https://doed.gov.np/pages/canceled_hydro/ | https://doed.gov.np/pages/clhydromorethan1,2026-07-02,877041b6b0614f4fdcea | dbc826068e1ee2e992ba
Upper Kalangad,38.46,Generation,Kalanga Gad,exact,high,conservative normalized name with spatial/capacity compatibility,operating_record,Operating record,operating_record,active,operating_record,,operating,38.46,0.0,Upper Kalangad,152,https://doed.gov.np/pages/powerplantsmorethan1,2026-07-02,9d45053963a7c58ac47d
Upper Karnali,900.0,Survey,Karnali,exact,high,conservative normalized name with spatial/capacity compatibility,survey_license,Survey licence,survey_license,active,survey_license,,,900.0,0.0,Upper Karnali HEP,328,https://doed.gov.np/pages/hydromorethan1,2026-07-02,65a9709e75f1cec0c91c
Upper Khadam SHP,0.99,Generation,Khadam,exact,high,conservative normalized name with spatial/capacity compatibility,generation_license,Generation licence,generation_license,active,generation_license,,,0.99,0.0,Upper Khadam SHP,,https://doed.gov.np/pages/clhydrolessthan1,2026-07-02,ad173f41289ee55c2d02
Upper Khimti,12.0,Generation,Khimti Khola,exact,high,conservative normalized name with spatial/capacity compatibility,operating_record,Operating record,operating_record,active,operating_record,,operating,12.0,0.0,Upper Khimti,77,https://doed.gov.np/pages/powerplantsmorethan1,2026-07-02,c788d9bde4b6e7f466a7
Upper Khimti II,7.0,Generation,Khimti Khola,exact,high,conservative normalized name with spatial/capacity compatibility,operating_record,Operating record,operating_record,active,operating_record,,operating,7.0,0.0,Upper Khimti II,131,https://doed.gov.np/pages/powerplantsmorethan1,2026-07-02,bbc88b7f77d9489d3cd8
Upper Khorunga HPP,7.5,Generation,Khoranga Khola,exact,high,conservative normalized name with spatial/capacity compatibility,operating_record,Operating record,operating_record,active,operating_record,,operating,7.5,0.0,Upper Khorunga HPP,168,https://doed.gov.np/pages/powerplantsmorethan1,2026-07-02,8029b84456e2ce071995
Upper Khudi,26.0,Generation,Khudi,exact,high,conservative normalized name with spatial/capacity compatibility,generation_license,Generation licence,generation_license,active,generation_license,,,26.0,0.0,Upper Khudi,232,https://doed.gov.np/pages/clhydromorethan1,2026-07-02,48a66719d4aeafafe41d
Upper Lapche Khola,52.0,Generation,Lapche,exact,high,conservative normalized name with spatial/capacity compatibility,generation_license,Generation licence,generation_license,active,generation_license,,,52.0,0.0,Upper Lapche Khola,182,https://doed.gov.np/pages/clhydromorethan1,2026-07-02,b8a14895ae646fe0c02d
Upper Machha Khola HEP,4.55,Survey,Machha Khola,exact,high,conservative normalized name with spatial/capacity compatibility,operating_record,Operating record,operating_record,active,operating_record,,operating,4.55,0.0,Upper Machha Khola HEP,283,https://doed.gov.np/pages/powerplantsmorethan1,2026-07-02,ba20c46435740babfa70
Upper Madi,25.0,Operation,Madi Khola,exact,high,conservative normalized name with spatial/capacity compatibility,operating_record,Operating record,operating_record,active,operating_record,,operating,25.0,0.0,Upper Madi,35,https://doed.gov.np/pages/powerplantsmorethan1,2026-07-02,cbcd6792143aaa0d9dcb
Upper Madi 0,43.0,Survey,Madi,exact,high,conservative normalized name with spatial/capacity compatibility,generation_license,Generation licence,cancelled_survey_application | generation_license,mixed,generation_license,,,43.0,0.0,Upper Madi 0 HEP | Upper Madi-0 Hydropower Project,3394 | 381,https://doed.gov.np/pages/canceled_hydro/ | https://doed.gov.np/pages/clhydromorethan1,2026-07-02,17a49ad8106ab525a698 | f2095e91afacba9079ca
Upper Mai -C,6.1,Operation,Mai Khola,exact,high,conservative normalized name with spatial/capacity compatibility,operating_record,Operating record,operating_record,active,operating_record,,operating,6.1,0.0,Upper Mai -C,95,https://doed.gov.np/pages/powerplantsmorethan1,2026-07-02,864d96ba218b4be2765f
Upper Mai Hydropower Project (Panchakanya Mai Hydropwer limi,12.0,Operation,Mai Khola,exact,high,conservative normalized name with spatial/capacity compatibility,operating_record,Operating record,operating_record,active,operating_record,,operating,12.0,0.0,Upper Mai Hydropower Project (Panchakanya Mai Hydropwer limi,36,https://doed.gov.np/pages/powerplantsmorethan1,2026-07-02,36602674acdacae6d0bb
Upper Mailun Khola,14.3,Generation,Mailung Khola,exact,high,conservative normalized name with spatial/capacity compatibility,operating_record,Operating record,operating_record,active,operating_record,,operating,14.3,0.0,Upper Mailun Khola,79,https://doed.gov.np/pages/powerplantsmorethan1,2026-07-02,4a631fd15d815a304180
Upper Mailung -A,6.42,Generation,Mailung Khola,exact,high,conservative normalized name with spatial/capacity compatibility,generation_license,Generation licence,generation_license,active,generation_license,,,6.42,0.0,Upper Mailung -A,56,https://doed.gov.np/pages/clhydromorethan1,2026-07-02,ad2a4b0643051942238e
Upper Mailung B Hydropower Project,7.5,Survey,Mailung Khola,exact,high,conservative normalized name with spatial/capacity compatibility,generation_license,Generation licence,generation_license,active,generation_license,,,17.0,9.5,Upper Mailung B HEP,407,https://doed.gov.np/pages/clhydromorethan1,2026-07-02,ce537309adb89546efe4
Upper Maiwa HPP,15.5,Survey,Maiwa,exact,high,conservative normalized name with spatial/capacity compatibility,generation_license,Generation licence,generation_license,active,generation_license,,,17.85,2.35,Upper Maiwa HPP,298,https://doed.gov.np/pages/clhydromorethan1,2026-07-02,e48078d4c3209a23a62e
Upper Mardi Hydropower Project,7.0,Generation,Mardi,exact,high,conservative normalized name with spatial/capacity compatibility,operating_record,Operating record,operating_record,active,operating_record,,operating,7.0,0.0,Upper Mardi Hydropower Project,181,https://doed.gov.np/pages/powerplantsmorethan1,2026-07-02,1935c811e16103f38e45
Upper Marsyangdi A,50.0,Operation,Marsyangdi,exact,high,conservative normalized name with spatial/capacity compatibility,operating_record,Operating record,operating_record,active,operating_record,,operating,50.0,0.0,Upper Marsyangdi A,60,https://doed.gov.np/pages/powerplantsmorethan1,2026-07-02,39050af7792074ddee02
Upper Melamchi HEP,4.6,Survey,Melamchi,exact,high,conservative normalized name with spatial/capacity compatibility,generation_license,Generation licence,generation_license,active,generation_license,,,4.95,0.35,Upper Melamchi HEP,491,https://doed.gov.np/pages/clhydromorethan1,2026-07-02,9963dff39209cebaaffb
Upper Mewa Khola -A HPP,28.22,Survey,Mewa Khola,exact,high,conservative normalized name with spatial/capacity compatibility,generation_license,Generation licence,generation_license,active,generation_license,,,31.92,3.7,Upper Mewa Khola -A HEP,405,https://doed.gov.np/pages/clhydromorethan1,2026-07-02,b43e292a87dfa7362bee
Upper Midim Khola SHP,7.5,Survey,Midim Khola,exact,high,conservative normalized name with spatial/capacity compatibility,operating_record,Operating record,operating_record,active,operating_record,,operating,7.5,0.0,Upper Midim Khola SHP,272,https://doed.gov.np/pages/powerplantsmorethan1,2026-07-02,0f63540f85a554d43211
Upper Modi A,42.0,Generation,Modi Khola,exact,high,conservative normalized name with spatial/capacity compatibility,generation_license,Generation licence,cancelled_survey_application | generation_license,mixed,generation_license,,,42.0,0.0,Upper Modi A,135 | 2838,https://doed.gov.np/pages/canceled_hydro/ | https://doed.gov.np/pages/clhydromorethan1,2026-07-02,9d97362bcf13a281e8bd | b1134f0a2c85ad15a6ca
Upper Modi HPP cascade project,14.0,Generation,Modi Khola,exact,high,conservative normalized name with spatial/capacity compatibility,generation_license,Generation licence,generation_license,active,generation_license,,,18.2,4.2,Upper Modi HPP Cascade Project,226,https://doed.gov.np/pages/clhydromorethan1,2026-07-02,5c8553b29221bd700aae
Upper Most Iwa Khola HEP,2.5,Survey,Iwa,exact,high,conservative normalized name with spatial/capacity compatibility,generation_license,Generation licence,generation_license,active,generation_license,,,4.1,1.6,Upper Most Iwa Khola HEP,480,https://doed.gov.np/pages/clhydromorethan1,2026-07-02,bfff6863176e2aee5fb2
Upper Mudi HEP,12.73,Survey,Mudi,alias,high,same upper scheme plus identical capacity and sub-kilometre midpoint,generation_license,Generation licence,cancelled_survey_application | generation_license,mixed,generation_license,,,12.73,0.0,Upper Mudi Khola | Upper Mudi Khola HPP,501 | 6022,https://doed.gov.np/pages/canceled_hydro/ | https://doed.gov.np/pages/clhydromorethan1,2026-07-02,18362342a7b4f78e844f | ceafb6aa8cae185fc75c
Upper Myagdi,20.0,Generation,Myagdi Khola,exact,high,conservative normalized name with spatial/capacity compatibility,generation_license,Generation licence,generation_license,active,generation_license,,,37.0,17.0,Upper Myagdi,119,https://doed.gov.np/pages/clhydromorethan1,2026-07-02,f0cd81e773d6033fe7e2
Upper Myagdi-I HEP,80.0,Survey,Myagdi Khola,exact,high,conservative normalized name with spatial/capacity compatibility,generation_license,Generation licence,generation_license,active,generation_license,,,53.5,26.5,Upper Myagdi-I HEP,291,https://doed.gov.np/pages/clhydromorethan1,2026-07-02,44fd772470fc442db23c
Upper Nar Hydropower Project,31.77,Survey,Nar,exact,high,conservative normalized name with spatial/capacity compatibility,cancelled_survey_license,Survey licence cancelled,cancelled_survey_application | cancelled_survey_license,cancelled,survey_license_cancelled,,,31.77,0.0,Upper Nar (SLC) | Upper Nar Hydropower Project,1340,https://doed.gov.np/pages/canceled_hydro/ | https://doed.gov.np/pages/slc,2026-07-02,b4514e721fe03a5d1474 | babdc3fe4147bd2b12bb
Upper Naugad Gad Hydropower Project,8.0,Generation,Naugad,exact,high,conservative normalized name with spatial/capacity compatibility,operating_record,Operating record,operating_record,active,operating_record,,operating,8.0,0.0,Upper Naugad Gad Hydropower Project,177,https://doed.gov.np/pages/powerplantsmorethan1,2026-07-02,0fbf3d15d84effbe5b3e
Upper Nyasem A HEP,7.5,Survey,Nyasem Khola,exact,high,conservative normalized name with spatial/capacity compatibility,generation_application,Generation-licence application,generation_application,active,generation_application,,,21.0,13.5,Upper Nyasem A HEP,973.0,https://doed.gov.np/pages/appclhydro,2026-07-02,749c345ac5052c300719
Upper Nyasim Khola,43.0,Generation,Nyasem Khola,exact,high,conservative normalized name with spatial/capacity compatibility,generation_license,Generation licence,generation_license,active,generation_license,,,43.0,0.0,Upper Nyasim Khola,176,https://doed.gov.np/pages/clhydromorethan1,2026-07-02,f8b0bd8849bf516bfb8a
Upper Pikhuwa HPP,2.0,Survey,Pikhuwa,alias,high,same upper scheme and promoter plus exact licence-envelope midpoint; capacity revision retained,generation_license,Generation licence,cancelled_survey_application | generation_license,mixed,generation_license,,,4.9,2.9,Upper Pikhuwa Khola | Upper Pikhuwa Khola HEP | Upper Pikhuwa Khola SHP,1455 | 390,https://doed.gov.np/pages/canceled_hydro/ | https://doed.gov.np/pages/clhydromorethan1,2026-07-02,4cdc44207096866720c7 | 82da6d4ea5c6cdfaf32a | 864098aaf021307a1226
Upper Piluwa 3 HPP,4.95,Survey,Piluwa Khola,exact,high,conservative normalized name with spatial/capacity compatibility,operating_record,Operating record,operating_record,active,operating_record,,operating,4.95,0.0,Upper Piluwa 3 HPP,306,https://doed.gov.np/pages/powerplantsmorethan1,2026-07-02,c19db3335fce0e95b3a6
Upper Piluwa Khola-2 SHP,4.72,Generation,Piluwa Khola,exact,high,conservative normalized name with spatial/capacity compatibility,operating_record,Operating record,operating_record,active,operating_record,,operating,4.72,0.0,Upper Piluwa Khola-2 SHP,149,https://doed.gov.np/pages/powerplantsmorethan1,2026-07-02,bd63a88bcfe4139375ad
Upper Piluwa-1,8.51,Survey,Piluwa,exact,high,conservative normalized name with spatial/capacity compatibility,generation_license,Generation licence,generation_license,active,generation_license,,,7.7,0.81,Upper Piluwa-1 HEP,349,https://doed.gov.np/pages/clhydromorethan1,2026-07-02,edf90d8f7c97818b9996
Upper Puwa-1,3.0,Operation,Puwa,exact,high,conservative normalized name with spatial/capacity compatibility,operating_record,Operating record,operating_record,active,operating_record,,operating,3.0,0.0,Upper Puwa-1,90,https://doed.gov.np/pages/powerplantsmorethan1,2026-07-02,35da6d52c2d9f0612573
Upper Richet Khola SHP,2.0,Survey,Richet,exact,high,conservative normalized name with spatial/capacity compatibility,operating_record,Operating record,operating_record,active,operating_record,,operating,2.0,0.0,Upper Richet Khola SHP,258,https://doed.gov.np/pages/powerplantsmorethan1,2026-07-02,31f3e4a1a47a171ea5b1
Upper Rukum Gad HPP,4.73,Survey,"Rukum Gad(Lukum,Thaban,Kuchiba",unmatched,,,,,,,,,,,,,,,,
Upper Sagu HPP,10.0,Survey,"Khartal,Kothali(Sagu)",exact,high,conservative normalized name with spatial/capacity compatibility,generation_license,Generation licence,generation_license,active,generation_license,,,10.0,0.0,Upper Sagu HEP,372,https://doed.gov.np/pages/clhydromorethan1,2026-07-02,fa9290f9de5c144ddcf6
Upper Sanjen,14.8,Generation,Sanjen,exact,high,conservative normalized name with spatial/capacity compatibility,operating_record,Operating record,operating_record,active,operating_record,,operating,14.8,0.0,Upper Sanjen,69,https://doed.gov.np/pages/powerplantsmorethan1,2026-07-02,3f4983fd7554c5a4ad9c
Upper Sankhuwa Khola HEP,24.0,Survey,Sankhuwa,exact,high,conservative normalized name with spatial/capacity compatibility,generation_license,Generation licence,cancelled_survey_application | generation_license,mixed,generation_license,,,40.0,16.0,Upper Sankhuwa Khola HEP | Upper Sankhuwa Khola SHP,220 | 416,https://doed.gov.np/pages/canceled_hydro/ | https://doed.gov.np/pages/clhydromorethan1,2026-07-02,094cee9ca1a7451ba6cb | 737ac51373c19de8eea5
Upper Sardi Hydropower Project,3.3,Survey,"Sardi, kutmi",exact,high,conservative normalized name with spatial/capacity compatibility,generation_license,Generation licence,generation_license,active,generation_license,,,2.9,0.4,Upper Sardi HEP,403,https://doed.gov.np/pages/clhydromorethan1,2026-07-02,b6b5014ff79612d9e0f6
Upper Seti Hydropower Project,20.0,Survey,Seti Khola,exact,high,conservative normalized name with spatial/capacity compatibility,generation_license,Generation licence,generation_license,active,generation_license,,,20.0,0.0,Upper Seti HEP,362,https://doed.gov.np/pages/clhydromorethan1,2026-07-02,dc0f52d818c8fffa214e
Upper Seti-1 HEP,13.0,Survey,Seti Khola,exact,high,conservative normalized name with spatial/capacity compatibility,generation_license,Generation licence,cancelled_survey_application | generation_license,mixed,generation_license,,,13.0,0.0,Upper Seti-1 HEP | Upper Seti-1 Hydropower Project,2692 | 494,https://doed.gov.np/pages/canceled_hydro/ | https://doed.gov.np/pages/clhydromorethan1,2026-07-02,a5f387949f6f4c0a2695 | da911a1b5a6968a05a85
Upper Siddhi khola HEP,3.86,Survey,Siddhi Khola,exact,high,conservative normalized name with spatial/capacity compatibility,cancelled_survey_license,Survey licence cancelled,cancelled_survey_license,cancelled,survey_license_cancelled,,,3.86,0.0,Upper Siddhi khola (SLC),,https://doed.gov.np/pages/slc,2026-07-02,f471a440afa6e13f94cf
Upper Simbuwa Khola HPP,46.81,Survey,Simbuwa Khola,unmatched,,,,,,,,,,,,,,,,
Upper Sit Khola SHP,0.905,Survey,Sit,exact,high,conservative normalized name with spatial/capacity compatibility,survey_license,Survey licence,cancelled_survey_application | survey_license,mixed,survey_license,,,0.905,0.0,Upper Sit Khola HPP | Upper Sit Khola SHP,5189,https://doed.gov.np/pages/canceled_hydro/ | https://doed.gov.np/pages/hydrolessthan1,2026-07-02,1ee4192abe4c41896dda | 9eab17307c1de5ee256b
Upper Siwa Khola HPP,8.18,Survey,Siwa Khola,unmatched,,,,,,,,,,,,,,,,
Upper Solu Khola HPP,18.0,Generation,Solu Khola,exact,high,conservative normalized name with spatial/capacity compatibility,operating_record,Operating record,cancelled_survey_application | operating_record,mixed,operating_record,,operating,19.8,1.8,Upper Solu Khola | Upper Solu Khola HPP,169,https://doed.gov.np/pages/canceled_hydro/ | https://doed.gov.np/pages/powerplantsmorethan1,2026-07-02,1e6523cc2d63c4646e95 | bae38b2fe910300907d3
Upper Sunigad HEP,8.42,Survey,Suni Gad,exact,high,conservative normalized name with spatial/capacity compatibility,generation_license,Generation licence,generation_license,active,generation_license,,,14.0,5.58,Upper Sunigad HEP,442,https://doed.gov.np/pages/clhydromorethan1,2026-07-02,44796c07e8a664015c9a
Upper Suri Khola HPP,7.0,Survey,"Hulak,Kolung",exact,high,conservative normalized name with spatial/capacity compatibility,operating_record,Operating record,operating_record,active,operating_record,,operating,7.0,0.0,Upper Suri Khola HPP,268,https://doed.gov.np/pages/powerplantsmorethan1,2026-07-02,a268d9b41e5a5b7d8c4f
Upper Syange Khola SHP,2.4,Generation,Syange,exact,high,conservative normalized name with spatial/capacity compatibility,operating_record,Operating record,operating_record,active,operating_record,,operating,2.4,0.0,Upper Syange Khola SHP,197,https://doed.gov.np/pages/powerplantsmorethan1,2026-07-02,fa52fe6b7c7c1f43c969
Upper Tadi,11.0,Generation,Tadi Khola,exact,high,conservative normalized name with spatial/capacity compatibility,operating_record,Operating record,operating_record,active,operating_record,,operating,11.0,0.0,Upper Tadi,144,https://doed.gov.np/pages/powerplantsmorethan1,2026-07-02,a2b8c37f90512867e103
Upper Taksu Small HPP,4.87,Survey,thaksu,exact,high,conservative normalized name with spatial/capacity compatibility,survey_license,Survey licence,survey_license,active,survey_license,,,6.3,1.43,Upper Taksu Small HEP,1176,https://doed.gov.np/pages/hydromorethan1,2026-07-02,e2aae346bd5dc6ed8879
Upper Tamakoshi HPP,456.0,Operation,Tama Koshi,exact,high,conservative normalized name with spatial/capacity compatibility,operating_record,Operating record,operating_record,active,operating_record,,operating,456.0,0.0,Upper Tamakoshi HPP,41,https://doed.gov.np/pages/powerplantsmorethan1,2026-07-02,0a89ef902442d5450d3b
Upper Tamor,285.0,Generation,Tamor,exact,high,conservative normalized name with spatial/capacity compatibility,generation_license,Generation licence,generation_license,active,generation_license,,,285.0,0.0,Upper Tamor,234,https://doed.gov.np/pages/clhydromorethan1,2026-07-02,6ec708158763646e346f
Upper Tamor A HPP,72.0,Survey,Tamor,exact,high,conservative normalized name with spatial/capacity compatibility,generation_license,Generation licence,cancelled_survey_application | generation_license,mixed,generation_license,,,60.0,12.0,Upper Tamor A | Upper Tamor A HEP,3920 | 512,https://doed.gov.np/pages/canceled_hydro/ | https://doed.gov.np/pages/clhydromorethan1,2026-07-02,3d9ed601f97aab602cca | 4a66ed56d77b089dfe70
Upper Tamor HEP,32.5,Survey,Tamor,exact,high,conservative normalized name with spatial/capacity compatibility,generation_license,Generation licence,cancelled_survey_license | generation_license,mixed,generation_license,,,285.0,252.5,Upper Tamor | Upper Tamor (SLC),234,https://doed.gov.np/pages/clhydromorethan1 | https://doed.gov.np/pages/slc,2026-07-02,6ec708158763646e346f | a021686903b541031d9f
Upper Trishuli 3A,60.0,Generation,Trishuli,exact,high,conservative normalized name with spatial/capacity compatibility,operating_record,Operating record,operating_record,active,operating_record,,operating,60.0,0.0,Upper Trishuli 3A,43,https://doed.gov.np/pages/powerplantsmorethan1,2026-07-02,0d266779079a331f4ac1
Upper Trishuli 3B,37.0,Generation,Trishuli,exact,high,conservative normalized name with spatial/capacity compatibility,generation_license,Generation licence,generation_license,active,generation_license,,,37.0,0.0,Upper Trishuli 3B,104,https://doed.gov.np/pages/clhydromorethan1,2026-07-02,11a637e7d2912aaf7c7d
Upper Trishuli-1,216.0,Generation,Trishuli,exact,high,conservative normalized name with spatial/capacity compatibility,generation_license,Generation licence,generation_license,active,generation_license,,,216.0,0.0,Upper Trishuli-1,209,https://doed.gov.np/pages/clhydromorethan1,2026-07-02,501c3c4ea7bd1d832ab6
Upper Trishuli-I Cascade HEP,24.6,Survey,Trishuli Ganga,exact,high,conservative normalized name with spatial/capacity compatibility,generation_application,Generation-licence application,generation_application,active,generation_application,,,24.6,0.0,Upper Trishuli-I Cascade HEP,8841.0,https://doed.gov.np/pages/appclhydro,2026-07-02,242ced70e35d6413674e
Uttarganga Storage Hydropower Project,828.0,Survey,Uttar Ganga,exact,high,conservative normalized name with spatial/capacity compatibility,generation_application,Generation-licence application,generation_application,active,generation_application,,,828.0,0.0,Uttarganga Storage Hydropower Project,8704.0,https://doed.gov.np/pages/appclhydro,2026-07-02,2e8d4aaba70dce526cd5
Yambaling Khola,7.271,Generation,Yambling,exact,high,conservative normalized name with spatial/capacity compatibility,operating_record,Operating record,operating_record,active,operating_record,,operating,7.271,0.0,Yambaling Khola,172,https://doed.gov.np/pages/powerplantsmorethan1,2026-07-02,ca8ef8bb5fb4cc7078f7
dobhan Khola HPP,16.0,Survey,Dobhan Khola,exact,high,conservative normalized name with spatial/capacity compatibility,generation_license,Generation licence,cancelled_survey_application | generation_license,mixed,generation_license,,,24.5,8.5,Dobhan Khola | Dobhan Khola HEP,429,https://doed.gov.np/pages/canceled_hydro/ | https://doed.gov.np/pages/clhydromorethan1,2026-07-02,5fabc0d40ad724638e99 | c6e4fbdfd4ae38a3b655
thosne Khola Tokal Hydroelectric Project,0.922,Survey,Thosne,unmatched,,,,,,,,,,,,,,,,
upper Madame HPP,12.3,Survey,Madame Khola,exact,high,conservative normalized name with spatial/capacity compatibility,cancelled_survey_license,Survey licence cancelled,cancelled_survey_license,cancelled,survey_license_cancelled,,,12.3,0.0,upper Madame (SLC),,https://doed.gov.np/pages/slc,2026-07-02,e6cd60bcb8409de270df
